#
# There is insufficient memory for the Java Runtime Environment to continue.
# Native memory allocation (mmap) failed to map 2097152 bytes. Error detail: G1 virtual space
# Possible reasons:
#   The system is out of physical RAM or swap space
#   This process is running with CompressedOops enabled, and the Java Heap may be blocking the growth of the native heap
# Possible solutions:
#   Reduce memory load on the system
#   Increase physical memory or swap space
#   Check if swap backing store is full
#   Decrease Java heap size (-Xmx/-Xms)
#   Decrease number of Java threads
#   Decrease Java thread stack sizes (-Xss)
#   Set larger code cache with -XX:ReservedCodeCacheSize=
#   JVM is running with Zero Based Compressed Oops mode in which the Java heap is
#     placed in the first 32GB address space. The Java Heap base address is the
#     maximum limit for the native heap growth. Please use -XX:HeapBaseMinAddress
#     to set the Java Heap base and to place the Java Heap above 32GB virtual address.
# This output file may be truncated or incomplete.
#
#  Out of Memory Error (os_windows.cpp:3926), pid=34312, tid=38844
#
# JRE version: OpenJDK Runtime Environment (21.0.10) (build 21.0.10+-14961533-b1163.108)
# Java VM: OpenJDK 64-Bit Server VM (21.0.10+-14961533-b1163.108, mixed mode, tiered, compressed oops, compressed class ptrs, g1 gc, windows-amd64)
# No core dump will be written. Minidumps are not enabled by default on client versions of Windows
#

---------------  S U M M A R Y ------------

Command Line: --add-opens=java.base/java.util=ALL-UNNAMED --add-opens=java.base/java.lang=ALL-UNNAMED --add-opens=java.base/java.lang.invoke=ALL-UNNAMED --add-opens=java.prefs/java.util.prefs=ALL-UNNAMED --add-exports=jdk.compiler/com.sun.tools.javac.api=ALL-UNNAMED --add-exports=jdk.compiler/com.sun.tools.javac.util=ALL-UNNAMED --add-opens=java.base/java.nio.charset=ALL-UNNAMED --add-opens=java.base/java.net=ALL-UNNAMED --add-opens=java.base/java.util.concurrent.atomic=ALL-UNNAMED -Xmx2560m -Dfile.encoding=UTF-8 -Duser.country=CN -Duser.language=zh -Duser.variant -javaagent:C:\Users\lws19\.gradle\wrapper\dists\gradle-8.10.2-bin\e0thjr3we83usdufs66z371ne\gradle-8.10.2\lib\agents\gradle-instrumentation-agent-8.10.2.jar org.gradle.launcher.daemon.bootstrap.GradleDaemon 8.10.2

Host: Intel(R) Core(TM) i5-10300H CPU @ 2.50GHz, 8 cores, 15G,  Windows 11 , 64 bit Build 26100 (10.0.26100.7705)
Time: Wed Jun 10 14:35:20 2026 elapsed time: 53.532880 seconds (0d 0h 0m 53s)

---------------  T H R E A D  ---------------

Current thread (0x000000002a3409b0):  JavaThread "ForkJoinPool.commonPool-worker-2" daemon [_thread_in_vm, id=38844, stack(0x0000000036880000,0x0000000036980000) (1024K)]

Stack: [0x0000000036880000,0x0000000036980000]
Native frames: (J=compiled Java code, j=interpreted, Vv=VM code, C=native code)
V  [jvm.dll+0x6d78a9]
V  [jvm.dll+0x8665b3]
V  [jvm.dll+0x868bde]
V  [jvm.dll+0x8692c3]
V  [jvm.dll+0x280ee6]
V  [jvm.dll+0x6d4165]
V  [jvm.dll+0x6c77fa]
V  [jvm.dll+0x358f4b]
V  [jvm.dll+0x360bc6]
V  [jvm.dll+0x3b2bab]
V  [jvm.dll+0x3b3264]
V  [jvm.dll+0x3b2db6]
V  [jvm.dll+0x32ba94]
V  [jvm.dll+0x329c2f]
V  [jvm.dll+0x669060]
V  [jvm.dll+0x240cd2]
V  [jvm.dll+0x82bfa7]
V  [jvm.dll+0x3db80a]
C  0x000000000d29a334

The last pc belongs to newarray (printed below).
Java frames: (J=compiled Java code, j=interpreted, Vv=VM code)
j  java.nio.file.Files.read(Ljava/io/InputStream;I)[B+3 java.base@21.0.10
j  java.nio.file.Files.readAllBytes(Ljava/nio/file/Path;)[B+57 java.base@21.0.10
j  org.gradle.internal.classpath.declarations.NioFileInterceptors.intercept_readAllBytes(Ljava/nio/file/Path;Ljava/lang/String;)[B+6
j  com.android.zipflinger.BytesSource.<init>(Ljava/nio/file/Path;Ljava/lang/String;I)V+8
j  com.android.zipflinger.Sources.from(Ljava/nio/file/Path;Ljava/lang/String;I)Lcom/android/zipflinger/Source;+29
j  com.android.zipflinger.Sources.from(Ljava/io/File;Ljava/lang/String;I)Lcom/android/zipflinger/Source;+6
j  com.android.builder.internal.packaging.ApkFlinger$writeFile$1.call()V+48
j  com.android.builder.internal.packaging.ApkFlinger$writeFile$1.call()Ljava/lang/Object;+1
j  java.util.concurrent.ForkJoinTask$AdaptedInterruptibleCallable.compute()Ljava/lang/Object;+4 java.base@21.0.10
j  java.util.concurrent.ForkJoinTask$InterruptibleTask.exec()Z+51 java.base@21.0.10
j  java.util.concurrent.ForkJoinTask.doExec()V+10 java.base@21.0.10
j  java.util.concurrent.ForkJoinPool$WorkQueue.topLevelExec(Ljava/util/concurrent/ForkJoinTask;Ljava/util/concurrent/ForkJoinPool$WorkQueue;I)V+49 java.base@21.0.10
j  java.util.concurrent.ForkJoinPool.scan(Ljava/util/concurrent/ForkJoinPool$WorkQueue;JI)J+245 java.base@21.0.10
j  java.util.concurrent.ForkJoinPool.runWorker(Ljava/util/concurrent/ForkJoinPool$WorkQueue;)V+62 java.base@21.0.10
j  java.util.concurrent.ForkJoinWorkerThread.run()V+31 java.base@21.0.10
v  ~StubRoutines::call_stub 0x000000000d28100d
newarray  188 newarray  [0x000000000d29a2e0, 0x000000000d29a3b8]  216 bytes
[MachCode]
  0x000000000d29a2e0: 8b04 2448 | 83c4 0841 | 0fb6 5501 | e805 0000 | 00e9 ab00 | 0000 4c8b | c048 8d44 | 2408 4c89 
  0x000000000d29a300: 6dc0 498b | cfc5 f877 | 4989 afb0 | 0300 0049 | 8987 a003 | 0000 4883 | ec20 40f6 | c40f 0f84 
  0x000000000d29a320: 1900 0000 | 4883 ec08 | 48b8 e0b7 | 0939 fe7f | 0000 ffd0 | 4883 c408 | e90c 0000 | 0048 b8e0 
  0x000000000d29a340: b709 39fe | 7f00 00ff | d048 83c4 | 2049 c787 | a003 0000 | 0000 0000 | 49c7 87b0 | 0300 0000 
  0x000000000d29a360: 0000 0049 | c787 a803 | 0000 0000 | 0000 c5f8 | 7749 837f | 0800 0f84 | 0500 0000 | e97f 6bfe 
  0x000000000d29a380: ff49 8b87 | f803 0000 | 49c7 87f8 | 0300 0000 | 0000 004c | 8b6d c04c | 8b75 c84e | 8d74 f500 
  0x000000000d29a3a0: c341 0fb6 | 5d02 4983 | c502 49ba | 90c6 8839 | fe7f 0000 | 41ff 24da 
[/MachCode]

---------------  P R O C E S S  ---------------

Threads class SMR info:
_java_thread_list=0x00000000336576e0, length=157, elements={
0x0000000002befeb0, 0x000000001b5871e0, 0x000000001b5b1670, 0x000000001b5b1f60,
0x000000001b5dbe40, 0x000000001b5dc8a0, 0x000000001b5dde70, 0x000000001b5e7450,
0x000000001b5eddd0, 0x000000001b5ef3e0, 0x000000001b8b97a0, 0x0000000022ebc680,
0x0000000022ed2310, 0x0000000022841040, 0x0000000022f34690, 0x0000000021b40fb0,
0x0000000021fabfd0, 0x0000000021f8ea80, 0x0000000021f8f110, 0x0000000021f8e3f0,
0x0000000021f911e0, 0x0000000021f91870, 0x0000000021f8f7a0, 0x0000000021f8fe30,
0x0000000021f90b50, 0x0000000025fd5870, 0x0000000025fd51e0, 0x0000000025fd6c20,
0x0000000025fd7fd0, 0x0000000025fd72b0, 0x0000000025fd8cf0, 0x0000000025fd9380,
0x0000000025fd7940, 0x0000000025fd8660, 0x0000000025fd9a10, 0x0000000025fdc800,
0x0000000025fda730, 0x0000000025fda0a0, 0x0000000025fdb450, 0x0000000025fdadc0,
0x0000000025fdc170, 0x0000000025fdbae0, 0x0000000023b2f900, 0x0000000023b319d0,
0x0000000023b2ff90, 0x0000000023b2f270, 0x0000000023b30620, 0x0000000023b30cb0,
0x0000000023b31340, 0x0000000023b32060, 0x0000000023b2ebe0, 0x0000000023b34130,
0x0000000023b34e50, 0x0000000023b354e0, 0x0000000023b35b70, 0x0000000023b326f0,
0x0000000023b32d80, 0x0000000023b33410, 0x0000000023b347c0, 0x0000000023b33aa0,
0x000000002681d090, 0x000000002681e440, 0x000000002681ead0, 0x000000002681b650,
0x000000002681f160, 0x000000002681f7f0, 0x000000002681fe80, 0x000000002681ca00,
0x0000000026820510, 0x0000000026820ba0, 0x0000000026821230, 0x000000002681ddb0,
0x0000000026822c70, 0x00000000268225e0, 0x00000000268218c0, 0x0000000026821f50,
0x000000002601fa10, 0x000000002601ecf0, 0x0000000026021450, 0x0000000026021ae0,
0x000000002601f380, 0x000000002601e660, 0x0000000026022800, 0x0000000026024f60,
0x0000000025ea8dd0, 0x0000000026020730, 0x0000000026023bb0, 0x0000000026024240,
0x0000000026025c80, 0x0000000025ea9af0, 0x0000000025ea80b0, 0x0000000025ea7a20,
0x0000000025ea8740, 0x00000000322e8700, 0x00000000322e9420, 0x00000000322eae60,
0x00000000322e9ab0, 0x00000000322ea140, 0x00000000322e8070, 0x00000000322ebb80,
0x00000000322ecf30, 0x00000000322ed5c0, 0x00000000322ec8a0, 0x00000000322ea7d0,
0x00000000322ef690, 0x00000000322edc50, 0x00000000322ee2e0, 0x00000000322ee970,
0x00000000322ef000, 0x00000000322ec210, 0x000000002a265ce0, 0x000000002a2697f0,
0x000000002a26bf50, 0x000000002a26b230, 0x000000002a26b8c0, 0x00000000243f49c0,
0x00000000243f3610, 0x00000000243f4330, 0x00000000243f5050, 0x00000000243f56e0,
0x00000000243f2260, 0x00000000243f5d70, 0x00000000243f28f0, 0x00000000243f3ca0,
0x00000000243f6400, 0x00000000243f2f80, 0x00000000243f7120, 0x00000000243f84d0,
0x00000000243f77b0, 0x00000000243f9880, 0x00000000243f91f0, 0x00000000243f6a90,
0x00000000243f7e40, 0x00000000243f8b60, 0x000000002a33c810, 0x000000002a33e8e0,
0x000000002a33baf0, 0x000000002a33b460, 0x000000002a33ef70, 0x000000002a33f600,
0x000000002a33c180, 0x000000002a340320, 0x0000000032f583f0, 0x0000000032f59e30,
0x0000000032f569b0, 0x0000000032f57040, 0x0000000032f576d0, 0x0000000032f5d940,
0x0000000032f5c590, 0x0000000032f5bf00, 0x000000002a33dbc0, 0x000000002a3409b0,
0x000000002a33fc90, 0x000000002a33d530, 0x000000002a341040, 0x000000002a3416d0,
0x000000002a267720
}

Java Threads: ( => current thread )
  0x0000000002befeb0 JavaThread "main"                              [_thread_blocked, id=14560, stack(0x0000000000c80000,0x0000000000d80000) (1024K)]
  0x000000001b5871e0 JavaThread "Common-Cleaner"             daemon [_thread_blocked, id=26656, stack(0x000000001b940000,0x000000001ba40000) (1024K)]
  0x000000001b5b1670 JavaThread "Reference Handler"          daemon [_thread_blocked, id=34392, stack(0x000000001ba40000,0x000000001bb40000) (1024K)]
  0x000000001b5b1f60 JavaThread "Finalizer"                  daemon [_thread_blocked, id=3652, stack(0x000000001bb40000,0x000000001bc40000) (1024K)]
  0x000000001b5dbe40 JavaThread "Signal Dispatcher"          daemon [_thread_blocked, id=30264, stack(0x000000001bc40000,0x000000001bd40000) (1024K)]
  0x000000001b5dc8a0 JavaThread "Attach Listener"            daemon [_thread_blocked, id=13656, stack(0x000000001bd40000,0x000000001be40000) (1024K)]
  0x000000001b5dde70 JavaThread "Service Thread"             daemon [_thread_blocked, id=27572, stack(0x000000001be40000,0x000000001bf40000) (1024K)]
  0x000000001b5e7450 JavaThread "Monitor Deflation Thread"   daemon [_thread_blocked, id=19228, stack(0x0000000020000000,0x0000000020100000) (1024K)]
  0x000000001b5eddd0 JavaThread "C2 CompilerThread0"         daemon [_thread_blocked, id=19176, stack(0x0000000020100000,0x0000000020200000) (1024K)]
  0x000000001b5ef3e0 JavaThread "C1 CompilerThread0"         daemon [_thread_blocked, id=28508, stack(0x0000000020200000,0x0000000020300000) (1024K)]
  0x000000001b8b97a0 JavaThread "Notification Thread"        daemon [_thread_blocked, id=13836, stack(0x0000000020b00000,0x0000000020c00000) (1024K)]
  0x0000000022ebc680 JavaThread "Daemon health stats"               [_thread_blocked, id=38332, stack(0x0000000021200000,0x0000000021300000) (1024K)]
  0x0000000022ed2310 JavaThread "Incoming local TCP Connector on port 45468"        [_thread_in_native, id=6720, stack(0x00000000233a0000,0x00000000234a0000) (1024K)]
  0x0000000022841040 JavaThread "Daemon periodic checks"            [_thread_blocked, id=24488, stack(0x00000000248e0000,0x00000000249e0000) (1024K)]
  0x0000000022f34690 JavaThread "Daemon"                            [_thread_blocked, id=33504, stack(0x00000000249e0000,0x0000000024ae0000) (1024K)]
  0x0000000021b40fb0 JavaThread "Handler for socket connection from /127.0.0.1:45468 to /127.0.0.1:45469"        [_thread_in_native, id=19256, stack(0x0000000024ae0000,0x0000000024be0000) (1024K)]
  0x0000000021fabfd0 JavaThread "Cancel handler"                    [_thread_blocked, id=3068, stack(0x0000000024be0000,0x0000000024ce0000) (1024K)]
  0x0000000021f8ea80 JavaThread "Daemon worker"                     [_thread_blocked, id=23588, stack(0x0000000024ce0000,0x0000000024de0000) (1024K)]
  0x0000000021f8f110 JavaThread "Asynchronous log dispatcher for DefaultDaemonConnection: socket connection from /127.0.0.1:45468 to /127.0.0.1:45469"        [_thread_blocked, id=39232, stack(0x0000000024de0000,0x0000000024ee0000) (1024K)]
  0x0000000021f8e3f0 JavaThread "Stdin handler"                     [_thread_blocked, id=19684, stack(0x0000000024ee0000,0x0000000024fe0000) (1024K)]
  0x0000000021f911e0 JavaThread "Daemon client event forwarder"        [_thread_blocked, id=13828, stack(0x0000000024fe0000,0x00000000250e0000) (1024K)]
  0x0000000021f91870 JavaThread "Cache worker for journal cache (C:\Users\lws19\.gradle\caches\journal-1)"        [_thread_blocked, id=13032, stack(0x0000000025830000,0x0000000025930000) (1024K)]
  0x0000000021f8f7a0 JavaThread "File lock request listener"        [_thread_in_native, id=26864, stack(0x0000000025930000,0x0000000025a30000) (1024K)]
  0x0000000021f8fe30 JavaThread "Cache worker for file hash cache (C:\Users\lws19\.gradle\caches\8.10.2\fileHashes)"        [_thread_blocked, id=18160, stack(0x00000000253e0000,0x00000000254e0000) (1024K)]
  0x0000000021f90b50 JavaThread "Cache worker for file hash cache (C:\Users\lws19\AndroidStudioProjects\MeetingTranscriber\.gradle\8.10.2\fileHashes)"        [_thread_blocked, id=15984, stack(0x0000000020c00000,0x0000000020d00000) (1024K)]
  0x0000000025fd5870 JavaThread "Cache worker for Build Output Cleanup Cache (C:\Users\lws19\AndroidStudioProjects\MeetingTranscriber\.gradle\buildOutputCleanup)"        [_thread_blocked, id=30448, stack(0x00000000232a0000,0x00000000233a0000) (1024K)]
  0x0000000025fd51e0 JavaThread "File watcher server"        daemon [_thread_in_native, id=29636, stack(0x00000000254e0000,0x00000000255e0000) (1024K)]
  0x0000000025fd6c20 JavaThread "File watcher consumer"      daemon [_thread_blocked, id=29616, stack(0x00000000255e0000,0x00000000256e0000) (1024K)]
  0x0000000025fd7fd0 JavaThread "Cache worker for checksums cache (C:\Users\lws19\AndroidStudioProjects\MeetingTranscriber\.gradle\8.10.2\checksums)"        [_thread_blocked, id=38660, stack(0x00000000256e0000,0x00000000257e0000) (1024K)]
  0x0000000025fd72b0 JavaThread "Cache worker for file content cache (C:\Users\lws19\.gradle\caches\8.10.2\fileContent)"        [_thread_blocked, id=18360, stack(0x00000000279d0000,0x0000000027ad0000) (1024K)]
  0x0000000025fd8cf0 JavaThread "Cache worker for cache directory md-rule (C:\Users\lws19\.gradle\caches\8.10.2\md-rule)"        [_thread_blocked, id=24960, stack(0x0000000027ad0000,0x0000000027bd0000) (1024K)]
  0x0000000025fd9380 JavaThread "Cache worker for cache directory md-supplier (C:\Users\lws19\.gradle\caches\8.10.2\md-supplier)"        [_thread_blocked, id=14300, stack(0x0000000027bd0000,0x0000000027cd0000) (1024K)]
  0x0000000025fd7940 JavaThread "jar transforms"                    [_thread_blocked, id=3244, stack(0x0000000027dd0000,0x0000000027ed0000) (1024K)]
  0x0000000025fd8660 JavaThread "jar transforms Thread 2"           [_thread_blocked, id=31244, stack(0x0000000027ed0000,0x0000000027fd0000) (1024K)]
  0x0000000025fd9a10 JavaThread "jar transforms Thread 3"           [_thread_blocked, id=30004, stack(0x0000000029430000,0x0000000029530000) (1024K)]
  0x0000000025fdc800 JavaThread "Unconstrained build operations"        [_thread_blocked, id=35228, stack(0x00000000290a0000,0x00000000291a0000) (1024K)]
  0x0000000025fda730 JavaThread "Unconstrained build operations Thread 2"        [_thread_blocked, id=908, stack(0x00000000291a0000,0x00000000292a0000) (1024K)]
  0x0000000025fda0a0 JavaThread "Unconstrained build operations Thread 3"        [_thread_blocked, id=16376, stack(0x00000000292a0000,0x00000000293a0000) (1024K)]
  0x0000000025fdb450 JavaThread "Unconstrained build operations Thread 4"        [_thread_blocked, id=28420, stack(0x0000000029530000,0x0000000029630000) (1024K)]
  0x0000000025fdadc0 JavaThread "Unconstrained build operations Thread 5"        [_thread_blocked, id=29292, stack(0x0000000029630000,0x0000000029730000) (1024K)]
  0x0000000025fdc170 JavaThread "Unconstrained build operations Thread 6"        [_thread_blocked, id=6352, stack(0x0000000029730000,0x0000000029830000) (1024K)]
  0x0000000025fdbae0 JavaThread "Unconstrained build operations Thread 7"        [_thread_blocked, id=16324, stack(0x0000000029830000,0x0000000029930000) (1024K)]
  0x0000000023b2f900 JavaThread "Unconstrained build operations Thread 8"        [_thread_blocked, id=15036, stack(0x0000000029930000,0x0000000029a30000) (1024K)]
  0x0000000023b319d0 JavaThread "Unconstrained build operations Thread 9"        [_thread_blocked, id=6404, stack(0x0000000029a30000,0x0000000029b30000) (1024K)]
  0x0000000023b2ff90 JavaThread "Unconstrained build operations Thread 10"        [_thread_blocked, id=11464, stack(0x000000002ab80000,0x000000002ac80000) (1024K)]
  0x0000000023b2f270 JavaThread "Unconstrained build operations Thread 11"        [_thread_blocked, id=18044, stack(0x000000002ac80000,0x000000002ad80000) (1024K)]
  0x0000000023b30620 JavaThread "Unconstrained build operations Thread 12"        [_thread_blocked, id=15584, stack(0x000000002ad80000,0x000000002ae80000) (1024K)]
  0x0000000023b30cb0 JavaThread "Unconstrained build operations Thread 13"        [_thread_blocked, id=29196, stack(0x000000002ae80000,0x000000002af80000) (1024K)]
  0x0000000023b31340 JavaThread "Unconstrained build operations Thread 14"        [_thread_blocked, id=20680, stack(0x000000002af80000,0x000000002b080000) (1024K)]
  0x0000000023b32060 JavaThread "jar transforms Thread 4"           [_thread_blocked, id=30376, stack(0x000000002b080000,0x000000002b180000) (1024K)]
  0x0000000023b2ebe0 JavaThread "jar transforms Thread 5"           [_thread_blocked, id=37276, stack(0x000000002b180000,0x000000002b280000) (1024K)]
  0x0000000023b34130 JavaThread "Unconstrained build operations Thread 15"        [_thread_blocked, id=21544, stack(0x000000002b280000,0x000000002b380000) (1024K)]
  0x0000000023b34e50 JavaThread "Unconstrained build operations Thread 16"        [_thread_blocked, id=21552, stack(0x000000002b380000,0x000000002b480000) (1024K)]
  0x0000000023b354e0 JavaThread "Unconstrained build operations Thread 17"        [_thread_blocked, id=20572, stack(0x000000002b480000,0x000000002b580000) (1024K)]
  0x0000000023b35b70 JavaThread "Unconstrained build operations Thread 18"        [_thread_blocked, id=36580, stack(0x000000002b580000,0x000000002b680000) (1024K)]
  0x0000000023b326f0 JavaThread "Unconstrained build operations Thread 19"        [_thread_blocked, id=36628, stack(0x000000002b680000,0x000000002b780000) (1024K)]
  0x0000000023b32d80 JavaThread "Unconstrained build operations Thread 20"        [_thread_blocked, id=32672, stack(0x000000002b780000,0x000000002b880000) (1024K)]
  0x0000000023b33410 JavaThread "Unconstrained build operations Thread 21"        [_thread_blocked, id=32528, stack(0x000000002b880000,0x000000002b980000) (1024K)]
  0x0000000023b347c0 JavaThread "jar transforms Thread 6"           [_thread_blocked, id=28128, stack(0x000000002b980000,0x000000002ba80000) (1024K)]
  0x0000000023b33aa0 JavaThread "jar transforms Thread 7"           [_thread_blocked, id=13356, stack(0x000000002ba80000,0x000000002bb80000) (1024K)]
  0x000000002681d090 JavaThread "jar transforms Thread 8"           [_thread_blocked, id=11564, stack(0x000000002bb80000,0x000000002bc80000) (1024K)]
  0x000000002681e440 JavaThread "Unconstrained build operations Thread 22"        [_thread_blocked, id=31308, stack(0x0000000027fd0000,0x00000000280d0000) (1024K)]
  0x000000002681ead0 JavaThread "Unconstrained build operations Thread 23"        [_thread_blocked, id=35864, stack(0x000000002bc80000,0x000000002bd80000) (1024K)]
  0x000000002681b650 JavaThread "Unconstrained build operations Thread 24"        [_thread_blocked, id=8588, stack(0x000000002bd80000,0x000000002be80000) (1024K)]
  0x000000002681f160 JavaThread "Unconstrained build operations Thread 25"        [_thread_blocked, id=33168, stack(0x000000002be80000,0x000000002bf80000) (1024K)]
  0x000000002681f7f0 JavaThread "Unconstrained build operations Thread 26"        [_thread_blocked, id=39644, stack(0x000000002bf80000,0x000000002c080000) (1024K)]
  0x000000002681fe80 JavaThread "Unconstrained build operations Thread 27"        [_thread_blocked, id=28184, stack(0x000000002c080000,0x000000002c180000) (1024K)]
  0x000000002681ca00 JavaThread "Unconstrained build operations Thread 28"        [_thread_blocked, id=5276, stack(0x000000002c180000,0x000000002c280000) (1024K)]
  0x0000000026820510 JavaThread "Unconstrained build operations Thread 29"        [_thread_blocked, id=36960, stack(0x000000002c280000,0x000000002c380000) (1024K)]
  0x0000000026820ba0 JavaThread "Unconstrained build operations Thread 30"        [_thread_blocked, id=23272, stack(0x000000002c380000,0x000000002c480000) (1024K)]
  0x0000000026821230 JavaThread "Unconstrained build operations Thread 31"        [_thread_blocked, id=22336, stack(0x000000002c480000,0x000000002c580000) (1024K)]
  0x000000002681ddb0 JavaThread "Unconstrained build operations Thread 32"        [_thread_blocked, id=19424, stack(0x000000002c580000,0x000000002c680000) (1024K)]
  0x0000000026822c70 JavaThread "Unconstrained build operations Thread 33"        [_thread_blocked, id=29360, stack(0x000000002c680000,0x000000002c780000) (1024K)]
  0x00000000268225e0 JavaThread "Unconstrained build operations Thread 34"        [_thread_blocked, id=39532, stack(0x000000002c780000,0x000000002c880000) (1024K)]
  0x00000000268218c0 JavaThread "Unconstrained build operations Thread 35"        [_thread_blocked, id=36356, stack(0x000000002c880000,0x000000002c980000) (1024K)]
  0x0000000026821f50 JavaThread "Unconstrained build operations Thread 36"        [_thread_blocked, id=10848, stack(0x000000002ca80000,0x000000002cb80000) (1024K)]
  0x000000002601fa10 JavaThread "Unconstrained build operations Thread 37"        [_thread_blocked, id=25408, stack(0x000000002cb80000,0x000000002cc80000) (1024K)]
  0x000000002601ecf0 JavaThread "Unconstrained build operations Thread 38"        [_thread_blocked, id=35292, stack(0x000000002cc80000,0x000000002cd80000) (1024K)]
  0x0000000026021450 JavaThread "Unconstrained build operations Thread 39"        [_thread_blocked, id=5708, stack(0x000000002cd80000,0x000000002ce80000) (1024K)]
  0x0000000026021ae0 JavaThread "Unconstrained build operations Thread 40"        [_thread_blocked, id=38248, stack(0x000000002ce80000,0x000000002cf80000) (1024K)]
  0x000000002601f380 JavaThread "Unconstrained build operations Thread 41"        [_thread_blocked, id=19872, stack(0x000000002cf80000,0x000000002d080000) (1024K)]
  0x000000002601e660 JavaThread "Unconstrained build operations Thread 42"        [_thread_blocked, id=31144, stack(0x000000002d080000,0x000000002d180000) (1024K)]
  0x0000000026022800 JavaThread "build event listener"              [_thread_blocked, id=28564, stack(0x000000002c980000,0x000000002ca80000) (1024K)]
  0x0000000026024f60 JavaThread "Memory manager"                    [_thread_blocked, id=19240, stack(0x000000002d180000,0x000000002d280000) (1024K)]
  0x0000000025ea8dd0 JavaThread "build event listener"              [_thread_blocked, id=33876, stack(0x000000002d280000,0x000000002d380000) (1024K)]
  0x0000000026020730 JavaThread "pool-3-thread-1"                   [_thread_blocked, id=38068, stack(0x000000002d380000,0x000000002d480000) (1024K)]
  0x0000000026023bb0 JavaThread "build event listener"              [_thread_blocked, id=22588, stack(0x000000002d480000,0x000000002d580000) (1024K)]
  0x0000000026024240 JavaThread "included builds"                   [_thread_blocked, id=8524, stack(0x000000002d580000,0x000000002d680000) (1024K)]
  0x0000000026025c80 JavaThread "Execution worker"                  [_thread_blocked, id=38708, stack(0x000000002d680000,0x000000002d780000) (1024K)]
  0x0000000025ea9af0 JavaThread "Execution worker Thread 2"         [_thread_blocked, id=7980, stack(0x000000002d780000,0x000000002d880000) (1024K)]
  0x0000000025ea80b0 JavaThread "Execution worker Thread 3"         [_thread_blocked, id=8564, stack(0x000000002d880000,0x000000002d980000) (1024K)]
  0x0000000025ea7a20 JavaThread "Execution worker Thread 4"         [_thread_blocked, id=6272, stack(0x000000002d980000,0x000000002da80000) (1024K)]
  0x0000000025ea8740 JavaThread "Execution worker Thread 5"         [_thread_blocked, id=19660, stack(0x000000002da80000,0x000000002db80000) (1024K)]
  0x00000000322e8700 JavaThread "Execution worker Thread 6"         [_thread_blocked, id=19420, stack(0x000000002db80000,0x000000002dc80000) (1024K)]
  0x00000000322e9420 JavaThread "Execution worker Thread 7"         [_thread_blocked, id=39692, stack(0x000000002dc80000,0x000000002dd80000) (1024K)]
  0x00000000322eae60 JavaThread "Cache worker for execution history cache (C:\Users\lws19\AndroidStudioProjects\MeetingTranscriber\.gradle\8.10.2\executionHistory)"        [_thread_blocked, id=35456, stack(0x000000002dd80000,0x000000002de80000) (1024K)]
  0x00000000322e9ab0 JavaThread "Unconstrained build operations Thread 43"        [_thread_blocked, id=38720, stack(0x000000002de80000,0x000000002df80000) (1024K)]
  0x00000000322ea140 JavaThread "Unconstrained build operations Thread 44"        [_thread_blocked, id=28376, stack(0x0000000033fa0000,0x00000000340a0000) (1024K)]
  0x00000000322e8070 JavaThread "Unconstrained build operations Thread 45"        [_thread_blocked, id=10500, stack(0x00000000340a0000,0x00000000341a0000) (1024K)]
  0x00000000322ebb80 JavaThread "Unconstrained build operations Thread 46"        [_thread_blocked, id=25272, stack(0x00000000341a0000,0x00000000342a0000) (1024K)]
  0x00000000322ecf30 JavaThread "Unconstrained build operations Thread 47"        [_thread_blocked, id=1988, stack(0x00000000342a0000,0x00000000343a0000) (1024K)]
  0x00000000322ed5c0 JavaThread "Unconstrained build operations Thread 48"        [_thread_blocked, id=9964, stack(0x00000000343a0000,0x00000000344a0000) (1024K)]
  0x00000000322ec8a0 JavaThread "Unconstrained build operations Thread 49"        [_thread_blocked, id=20804, stack(0x00000000344a0000,0x00000000345a0000) (1024K)]
  0x00000000322ea7d0 JavaThread "Unconstrained build operations Thread 50"        [_thread_blocked, id=35528, stack(0x00000000345a0000,0x00000000346a0000) (1024K)]
  0x00000000322ef690 JavaThread "Unconstrained build operations Thread 51"        [_thread_blocked, id=16180, stack(0x00000000346a0000,0x00000000347a0000) (1024K)]
  0x00000000322edc50 JavaThread "Unconstrained build operations Thread 52"        [_thread_blocked, id=1140, stack(0x00000000347a0000,0x00000000348a0000) (1024K)]
  0x00000000322ee2e0 JavaThread "Unconstrained build operations Thread 53"        [_thread_blocked, id=2252, stack(0x00000000348a0000,0x00000000349a0000) (1024K)]
  0x00000000322ee970 JavaThread "Unconstrained build operations Thread 54"        [_thread_blocked, id=33892, stack(0x00000000349a0000,0x0000000034aa0000) (1024K)]
  0x00000000322ef000 JavaThread "Unconstrained build operations Thread 55"        [_thread_blocked, id=11212, stack(0x0000000034aa0000,0x0000000034ba0000) (1024K)]
  0x00000000322ec210 JavaThread "Unconstrained build operations Thread 56"        [_thread_blocked, id=20740, stack(0x0000000034ba0000,0x0000000034ca0000) (1024K)]
  0x000000002a265ce0 JavaThread "Unconstrained build operations Thread 57"        [_thread_blocked, id=3612, stack(0x0000000034ca0000,0x0000000034da0000) (1024K)]
  0x000000002a2697f0 JavaThread "Unconstrained build operations Thread 58"        [_thread_blocked, id=14380, stack(0x0000000034da0000,0x0000000034ea0000) (1024K)]
  0x000000002a26bf50 JavaThread "Unconstrained build operations Thread 59"        [_thread_blocked, id=6456, stack(0x0000000034ea0000,0x0000000034fa0000) (1024K)]
  0x000000002a26b230 JavaThread "Unconstrained build operations Thread 60"        [_thread_blocked, id=37244, stack(0x0000000034fa0000,0x00000000350a0000) (1024K)]
  0x000000002a26b8c0 JavaThread "Unconstrained build operations Thread 61"        [_thread_blocked, id=1908, stack(0x00000000351a0000,0x00000000352a0000) (1024K)]
  0x00000000243f49c0 JavaThread "Unconstrained build operations Thread 62"        [_thread_blocked, id=31236, stack(0x00000000352a0000,0x00000000353a0000) (1024K)]
  0x00000000243f3610 JavaThread "Unconstrained build operations Thread 63"        [_thread_blocked, id=22920, stack(0x00000000353a0000,0x00000000354a0000) (1024K)]
  0x00000000243f4330 JavaThread "Unconstrained build operations Thread 64"        [_thread_blocked, id=15328, stack(0x00000000354a0000,0x00000000355a0000) (1024K)]
  0x00000000243f5050 JavaThread "Unconstrained build operations Thread 65"        [_thread_blocked, id=34304, stack(0x0000000035b80000,0x0000000035c80000) (1024K)]
  0x00000000243f56e0 JavaThread "Unconstrained build operations Thread 66"        [_thread_blocked, id=2328, stack(0x0000000035c80000,0x0000000035d80000) (1024K)]
  0x00000000243f2260 JavaThread "Unconstrained build operations Thread 67"        [_thread_blocked, id=1824, stack(0x0000000035d80000,0x0000000035e80000) (1024K)]
  0x00000000243f5d70 JavaThread "Unconstrained build operations Thread 68"        [_thread_blocked, id=31056, stack(0x0000000035e80000,0x0000000035f80000) (1024K)]
  0x00000000243f28f0 JavaThread "Unconstrained build operations Thread 69"        [_thread_blocked, id=24808, stack(0x0000000035f80000,0x0000000036080000) (1024K)]
  0x00000000243f3ca0 JavaThread "Unconstrained build operations Thread 70"        [_thread_blocked, id=5832, stack(0x0000000036080000,0x0000000036180000) (1024K)]
  0x00000000243f6400 JavaThread "Unconstrained build operations Thread 71"        [_thread_blocked, id=12484, stack(0x00000000355a0000,0x00000000356a0000) (1024K)]
  0x00000000243f2f80 JavaThread "Unconstrained build operations Thread 72"        [_thread_blocked, id=35168, stack(0x0000000000840000,0x0000000000940000) (1024K)]
  0x00000000243f7120 JavaThread "Unconstrained build operations Thread 73"        [_thread_blocked, id=15196, stack(0x00000000356a0000,0x00000000357a0000) (1024K)]
  0x00000000243f84d0 JavaThread "Unconstrained build operations Thread 74"        [_thread_blocked, id=35552, stack(0x00000000357a0000,0x00000000358a0000) (1024K)]
  0x00000000243f77b0 JavaThread "Unconstrained build operations Thread 75"        [_thread_blocked, id=25228, stack(0x00000000358a0000,0x00000000359a0000) (1024K)]
  0x00000000243f9880 JavaThread "Unconstrained build operations Thread 76"        [_thread_blocked, id=10612, stack(0x00000000359a0000,0x0000000035aa0000) (1024K)]
  0x00000000243f91f0 JavaThread "Unconstrained build operations Thread 77"        [_thread_blocked, id=37140, stack(0x0000000036180000,0x0000000036280000) (1024K)]
  0x00000000243f6a90 JavaThread "Unconstrained build operations Thread 78"        [_thread_blocked, id=34244, stack(0x0000000036280000,0x0000000036380000) (1024K)]
  0x00000000243f7e40 JavaThread "Unconstrained build operations Thread 79"        [_thread_blocked, id=31624, stack(0x0000000036380000,0x0000000036480000) (1024K)]
  0x00000000243f8b60 JavaThread "Unconstrained build operations Thread 80"        [_thread_blocked, id=25884, stack(0x0000000036480000,0x0000000036580000) (1024K)]
  0x000000002a33c810 JavaThread "Cache worker for Java compile cache (C:\Users\lws19\.gradle\caches\8.10.2\javaCompile)"        [_thread_blocked, id=352, stack(0x0000000036580000,0x0000000036680000) (1024K)]
  0x000000002a33e8e0 JavaThread "Build operations"                  [_thread_blocked, id=36104, stack(0x0000000027cd0000,0x0000000027dd0000) (1024K)]
  0x000000002a33baf0 JavaThread "Build operations Thread 2"         [_thread_blocked, id=15756, stack(0x0000000036b90000,0x0000000036c90000) (1024K)]
  0x000000002a33b460 JavaThread "Build operations Thread 3"         [_thread_blocked, id=31884, stack(0x0000000036c90000,0x0000000036d90000) (1024K)]
  0x000000002a33ef70 JavaThread "Build operations Thread 4"         [_thread_blocked, id=34904, stack(0x0000000036d90000,0x0000000036e90000) (1024K)]
  0x000000002a33f600 JavaThread "Build operations Thread 5"         [_thread_blocked, id=28700, stack(0x0000000036e90000,0x0000000036f90000) (1024K)]
  0x000000002a33c180 JavaThread "Build operations Thread 6"         [_thread_blocked, id=3956, stack(0x0000000036f90000,0x0000000037090000) (1024K)]
  0x000000002a340320 JavaThread "Build operations Thread 7"         [_thread_blocked, id=33064, stack(0x0000000037090000,0x0000000037190000) (1024K)]
  0x0000000032f583f0 JavaThread "WorkerExecutor Queue"              [_thread_blocked, id=39924, stack(0x0000000037190000,0x0000000037290000) (1024K)]
  0x0000000032f59e30 JavaThread "WorkerExecutor Queue Thread 2"        [_thread_blocked, id=34656, stack(0x0000000037290000,0x0000000037390000) (1024K)]
  0x0000000032f569b0 JavaThread "WorkerExecutor Queue Thread 3"        [_thread_blocked, id=32044, stack(0x0000000037390000,0x0000000037490000) (1024K)]
  0x0000000032f57040 JavaThread "WorkerExecutor Queue Thread 4"        [_thread_blocked, id=20672, stack(0x0000000037490000,0x0000000037590000) (1024K)]
  0x0000000032f576d0 JavaThread "WorkerExecutor Queue Thread 5"        [_thread_blocked, id=23584, stack(0x0000000037590000,0x0000000037690000) (1024K)]
  0x0000000032f5d940 JavaThread "WorkerExecutor Queue Thread 6"        [_thread_blocked, id=19248, stack(0x0000000037690000,0x0000000037790000) (1024K)]
  0x0000000032f5c590 JavaThread "WorkerExecutor Queue Thread 7"        [_thread_blocked, id=38892, stack(0x0000000037790000,0x0000000037890000) (1024K)]
  0x0000000032f5bf00 JavaThread "WorkerExecutor Queue Thread 8"        [_thread_blocked, id=13372, stack(0x0000000037890000,0x0000000037990000) (1024K)]
  0x000000002a33dbc0 JavaThread "ForkJoinPool.commonPool-worker-1" daemon [_thread_blocked, id=38272, stack(0x0000000036780000,0x0000000036880000) (1024K)]
=>0x000000002a3409b0 JavaThread "ForkJoinPool.commonPool-worker-2" daemon [_thread_in_vm, id=38844, stack(0x0000000036880000,0x0000000036980000) (1024K)]
  0x000000002a33fc90 JavaThread "ForkJoinPool.commonPool-worker-3" daemon [_thread_in_native, id=37972, stack(0x0000000036680000,0x0000000036780000) (1024K)]
  0x000000002a33d530 JavaThread "ForkJoinPool.commonPool-worker-4" daemon [_thread_blocked, id=13760, stack(0x0000000037a90000,0x0000000037b90000) (1024K)]
  0x000000002a341040 JavaThread "ForkJoinPool.commonPool-worker-5" daemon [_thread_blocked, id=9936, stack(0x0000000039b30000,0x0000000039c30000) (1024K)]
  0x000000002a3416d0 JavaThread "ForkJoinPool.commonPool-worker-6" daemon [_thread_blocked, id=37472, stack(0x0000000039c30000,0x0000000039d30000) (1024K)]
  0x000000002a267720 JavaThread "ForkJoinPool.commonPool-worker-7" daemon [_thread_blocked, id=14356, stack(0x0000000039d30000,0x0000000039e30000) (1024K)]
Total: 157

Other Threads:
  0x000000001afda6f0 VMThread "VM Thread"                           [id=10624, stack(0x000000001b440000,0x000000001b540000) (1024K)]
  0x000000001af79ee0 WatcherThread "VM Periodic Task Thread"        [id=18316, stack(0x000000001b340000,0x000000001b440000) (1024K)]
  0x0000000002c3ab20 WorkerThread "GC Thread#0"                     [id=7252, stack(0x0000000018290000,0x0000000018390000) (1024K)]
  0x000000002035c210 WorkerThread "GC Thread#1"                     [id=11376, stack(0x0000000020d00000,0x0000000020e00000) (1024K)]
  0x000000002035c5c0 WorkerThread "GC Thread#2"                     [id=8, stack(0x0000000020e00000,0x0000000020f00000) (1024K)]
  0x000000002035c970 WorkerThread "GC Thread#3"                     [id=19728, stack(0x0000000020f00000,0x0000000021000000) (1024K)]
  0x00000000206d0180 WorkerThread "GC Thread#4"                     [id=19632, stack(0x0000000021000000,0x0000000021100000) (1024K)]
  0x00000000206d0530 WorkerThread "GC Thread#5"                     [id=27772, stack(0x0000000021100000,0x0000000021200000) (1024K)]
  0x000000002198a510 WorkerThread "GC Thread#6"                     [id=6476, stack(0x00000000250e0000,0x00000000251e0000) (1024K)]
  0x0000000021f2d020 WorkerThread "GC Thread#7"                     [id=36944, stack(0x00000000251e0000,0x00000000252e0000) (1024K)]
  0x0000000002c46860 ConcurrentGCThread "G1 Main Marker"            [id=37000, stack(0x0000000018390000,0x0000000018490000) (1024K)]
  0x0000000002c48a30 WorkerThread "G1 Conc#0"                       [id=19672, stack(0x0000000018490000,0x0000000018590000) (1024K)]
  0x00000000216a8f90 WorkerThread "G1 Conc#1"                       [id=34032, stack(0x00000000252e0000,0x00000000253e0000) (1024K)]
  0x0000000002cad2b0 ConcurrentGCThread "G1 Refine#0"               [id=22816, stack(0x000000001b010000,0x000000001b110000) (1024K)]
  0x000000001ae4f540 ConcurrentGCThread "G1 Service"                [id=9808, stack(0x000000001b110000,0x000000001b210000) (1024K)]
Total: 15

Threads with active compile tasks:
Total: 0

VM state: not at safepoint (normal execution)

VM Mutex/Monitor currently owned by a thread:  ([mutex/lock_event])
[0x00007ffe398787d0] Heap_lock - owner thread: 0x000000002a3409b0

Heap address: 0x0000000760000000, size: 2560 MB, Compressed Oops mode: Zero based, Oop shift amount: 3

CDS archive(s) not mapped
Compressed class space mapped at: 0x0000000800000000-0x0000000840000000, reserved size: 1073741824
Narrow klass base: 0x0000000800000000, Narrow klass shift: 0, Narrow klass range: 0x40000000

GC Precious Log:
 CardTable entry size: 512
 Card Set container configuration: InlinePtr #cards 4 size 8 Array Of Cards #cards 16 size 48 Howl #buckets 8 coarsen threshold 3686 Howl Bitmap #cards 512 size 80 coarsen threshold 460 Card regions per heap region 1 cards per card region 4096
 CPUs: 8 total, 8 available
 Memory: 16207M
 Large Page Support: Disabled
 NUMA Support: Disabled
 Compressed Oops: Enabled (Zero based)
 Heap Region Size: 2M
 Heap Min Capacity: 8M
 Heap Initial Capacity: 254M
 Heap Max Capacity: 2560M
 Pre-touch: Disabled
 Parallel Workers: 8
 Concurrent Workers: 2
 Concurrent Refinement Workers: 8
 Periodic GC: Disabled

Heap:
 garbage-first heap   total 411648K, used 395369K [0x0000000760000000, 0x0000000800000000)
  region size 2048K, 40 young (81920K), 4 survivors (8192K)
 Metaspace       used 154209K, committed 156544K, reserved 1245184K
  class space    used 21764K, committed 22912K, reserved 1048576K

Heap Regions: E=young(eden), S=young(survivor), O=old, HS=humongous(starts), HC=humongous(continues), CS=collection set, F=free, TAMS=top-at-mark-start, PB=parsable bottom
|   0|0x0000000760000000, 0x0000000760200000, 0x0000000760200000|100%|HS|  |TAMS 0x0000000760000000| PB 0x0000000760000000| Complete 
|   1|0x0000000760200000, 0x0000000760400000, 0x0000000760400000|100%|HC|  |TAMS 0x0000000760200000| PB 0x0000000760200000| Complete 
|   2|0x0000000760400000, 0x0000000760600000, 0x0000000760600000|100%| O|  |TAMS 0x0000000760400000| PB 0x0000000760400000| Untracked 
|   3|0x0000000760600000, 0x0000000760800000, 0x0000000760800000|100%| O|  |TAMS 0x0000000760600000| PB 0x0000000760600000| Untracked 
|   4|0x0000000760800000, 0x0000000760a00000, 0x0000000760a00000|100%| O|  |TAMS 0x0000000760800000| PB 0x0000000760800000| Untracked 
|   5|0x0000000760a00000, 0x0000000760c00000, 0x0000000760c00000|100%| O|  |TAMS 0x0000000760a00000| PB 0x0000000760a00000| Untracked 
|   6|0x0000000760c00000, 0x0000000760e00000, 0x0000000760e00000|100%| O|  |TAMS 0x0000000760c00000| PB 0x0000000760c00000| Untracked 
|   7|0x0000000760e00000, 0x0000000761000000, 0x0000000761000000|100%| O|  |TAMS 0x0000000760e00000| PB 0x0000000760e00000| Untracked 
|   8|0x0000000761000000, 0x0000000761200000, 0x0000000761200000|100%| O|  |TAMS 0x0000000761000000| PB 0x0000000761000000| Untracked 
|   9|0x0000000761200000, 0x0000000761400000, 0x0000000761400000|100%| O|  |TAMS 0x0000000761200000| PB 0x0000000761200000| Untracked 
|  10|0x0000000761400000, 0x0000000761600000, 0x0000000761600000|100%| O|  |TAMS 0x0000000761400000| PB 0x0000000761400000| Untracked 
|  11|0x0000000761600000, 0x0000000761800000, 0x0000000761800000|100%| O|  |TAMS 0x0000000761600000| PB 0x0000000761600000| Untracked 
|  12|0x0000000761800000, 0x0000000761a00000, 0x0000000761a00000|100%| O|  |TAMS 0x0000000761800000| PB 0x0000000761800000| Untracked 
|  13|0x0000000761a00000, 0x0000000761c00000, 0x0000000761c00000|100%| O|  |TAMS 0x0000000761a00000| PB 0x0000000761a00000| Untracked 
|  14|0x0000000761c00000, 0x0000000761e00000, 0x0000000761e00000|100%| O|  |TAMS 0x0000000761c00000| PB 0x0000000761c00000| Untracked 
|  15|0x0000000761e00000, 0x0000000762000000, 0x0000000762000000|100%| O|  |TAMS 0x0000000761e00000| PB 0x0000000761e00000| Untracked 
|  16|0x0000000762000000, 0x0000000762200000, 0x0000000762200000|100%| O|  |TAMS 0x0000000762000000| PB 0x0000000762000000| Untracked 
|  17|0x0000000762200000, 0x0000000762400000, 0x0000000762400000|100%| O|  |TAMS 0x0000000762200000| PB 0x0000000762200000| Untracked 
|  18|0x0000000762400000, 0x0000000762600000, 0x0000000762600000|100%|HS|  |TAMS 0x0000000762400000| PB 0x0000000762400000| Complete 
|  19|0x0000000762600000, 0x0000000762800000, 0x0000000762800000|100%| O|  |TAMS 0x0000000762600000| PB 0x0000000762600000| Untracked 
|  20|0x0000000762800000, 0x0000000762a00000, 0x0000000762a00000|100%| O|  |TAMS 0x0000000762800000| PB 0x0000000762800000| Untracked 
|  21|0x0000000762a00000, 0x0000000762c00000, 0x0000000762c00000|100%|HS|  |TAMS 0x0000000762a00000| PB 0x0000000762a00000| Complete 
|  22|0x0000000762c00000, 0x0000000762e00000, 0x0000000762e00000|100%| O|  |TAMS 0x0000000762c00000| PB 0x0000000762c00000| Untracked 
|  23|0x0000000762e00000, 0x0000000763000000, 0x0000000763000000|100%| O|  |TAMS 0x0000000762e00000| PB 0x0000000762e00000| Untracked 
|  24|0x0000000763000000, 0x0000000763200000, 0x0000000763200000|100%| O|  |TAMS 0x0000000763000000| PB 0x0000000763000000| Untracked 
|  25|0x0000000763200000, 0x0000000763400000, 0x0000000763400000|100%| O|  |TAMS 0x0000000763200000| PB 0x0000000763200000| Untracked 
|  26|0x0000000763400000, 0x0000000763600000, 0x0000000763600000|100%| O|  |TAMS 0x0000000763400000| PB 0x0000000763400000| Untracked 
|  27|0x0000000763600000, 0x0000000763800000, 0x0000000763800000|100%| O|  |TAMS 0x0000000763600000| PB 0x0000000763600000| Untracked 
|  28|0x0000000763800000, 0x0000000763a00000, 0x0000000763a00000|100%| O|  |TAMS 0x0000000763800000| PB 0x0000000763800000| Untracked 
|  29|0x0000000763a00000, 0x0000000763c00000, 0x0000000763c00000|100%|HS|  |TAMS 0x0000000763a00000| PB 0x0000000763a00000| Complete 
|  30|0x0000000763c00000, 0x0000000763e00000, 0x0000000763e00000|100%|HC|  |TAMS 0x0000000763c00000| PB 0x0000000763c00000| Complete 
|  31|0x0000000763e00000, 0x0000000764000000, 0x0000000764000000|100%| O|  |TAMS 0x0000000763e00000| PB 0x0000000763e00000| Untracked 
|  32|0x0000000764000000, 0x0000000764200000, 0x0000000764200000|100%|HS|  |TAMS 0x0000000764000000| PB 0x0000000764000000| Complete 
|  33|0x0000000764200000, 0x0000000764400000, 0x0000000764400000|100%|HC|  |TAMS 0x0000000764200000| PB 0x0000000764200000| Complete 
|  34|0x0000000764400000, 0x0000000764600000, 0x0000000764600000|100%| O|  |TAMS 0x0000000764400000| PB 0x0000000764400000| Untracked 
|  35|0x0000000764600000, 0x0000000764800000, 0x0000000764800000|100%| O|  |TAMS 0x0000000764600000| PB 0x0000000764600000| Untracked 
|  36|0x0000000764800000, 0x0000000764a00000, 0x0000000764a00000|100%| O|  |TAMS 0x0000000764800000| PB 0x0000000764800000| Untracked 
|  37|0x0000000764a00000, 0x0000000764c00000, 0x0000000764c00000|100%| O|  |TAMS 0x0000000764a00000| PB 0x0000000764a00000| Untracked 
|  38|0x0000000764c00000, 0x0000000764e00000, 0x0000000764e00000|100%| O|Cm|TAMS 0x0000000764c00000| PB 0x0000000764c00000| Complete 
|  39|0x0000000764e00000, 0x0000000765000000, 0x0000000765000000|100%| O|  |TAMS 0x0000000764e00000| PB 0x0000000764e00000| Untracked 
|  40|0x0000000765000000, 0x0000000765200000, 0x0000000765200000|100%| O|  |TAMS 0x0000000765000000| PB 0x0000000765000000| Untracked 
|  41|0x0000000765200000, 0x0000000765400000, 0x0000000765400000|100%| O|  |TAMS 0x0000000765200000| PB 0x0000000765200000| Untracked 
|  42|0x0000000765400000, 0x0000000765600000, 0x0000000765600000|100%| O|  |TAMS 0x0000000765400000| PB 0x0000000765400000| Untracked 
|  43|0x0000000765600000, 0x0000000765800000, 0x0000000765800000|100%| O|  |TAMS 0x0000000765600000| PB 0x0000000765600000| Untracked 
|  44|0x0000000765800000, 0x0000000765a00000, 0x0000000765a00000|100%| O|  |TAMS 0x0000000765800000| PB 0x0000000765800000| Untracked 
|  45|0x0000000765a00000, 0x0000000765c00000, 0x0000000765c00000|100%| O|  |TAMS 0x0000000765a00000| PB 0x0000000765a00000| Untracked 
|  46|0x0000000765c00000, 0x0000000765e00000, 0x0000000765e00000|100%| O|  |TAMS 0x0000000765c00000| PB 0x0000000765c00000| Untracked 
|  47|0x0000000765e00000, 0x0000000766000000, 0x0000000766000000|100%| O|  |TAMS 0x0000000765e00000| PB 0x0000000765e00000| Untracked 
|  48|0x0000000766000000, 0x0000000766200000, 0x0000000766200000|100%| O|  |TAMS 0x0000000766000000| PB 0x0000000766000000| Untracked 
|  49|0x0000000766200000, 0x0000000766400000, 0x0000000766400000|100%| O|  |TAMS 0x0000000766200000| PB 0x0000000766200000| Untracked 
|  50|0x0000000766400000, 0x0000000766600000, 0x0000000766600000|100%| O|  |TAMS 0x0000000766400000| PB 0x0000000766400000| Untracked 
|  51|0x0000000766600000, 0x0000000766800000, 0x0000000766800000|100%| O|  |TAMS 0x0000000766600000| PB 0x0000000766600000| Untracked 
|  52|0x0000000766800000, 0x0000000766a00000, 0x0000000766a00000|100%| O|  |TAMS 0x0000000766800000| PB 0x0000000766800000| Untracked 
|  53|0x0000000766a00000, 0x0000000766c00000, 0x0000000766c00000|100%| O|  |TAMS 0x0000000766a00000| PB 0x0000000766a00000| Untracked 
|  54|0x0000000766c00000, 0x0000000766e00000, 0x0000000766e00000|100%| O|  |TAMS 0x0000000766c00000| PB 0x0000000766c00000| Untracked 
|  55|0x0000000766e00000, 0x0000000767000000, 0x0000000767000000|100%| O|  |TAMS 0x0000000766e00000| PB 0x0000000766e00000| Untracked 
|  56|0x0000000767000000, 0x0000000767200000, 0x0000000767200000|100%| O|  |TAMS 0x0000000767000000| PB 0x0000000767000000| Untracked 
|  57|0x0000000767200000, 0x0000000767400000, 0x0000000767400000|100%| O|  |TAMS 0x0000000767200000| PB 0x0000000767200000| Untracked 
|  58|0x0000000767400000, 0x0000000767600000, 0x0000000767600000|100%| O|  |TAMS 0x0000000767400000| PB 0x0000000767400000| Untracked 
|  59|0x0000000767600000, 0x0000000767800000, 0x0000000767800000|100%| O|Cm|TAMS 0x0000000767600000| PB 0x0000000767600000| Complete 
|  60|0x0000000767800000, 0x0000000767a00000, 0x0000000767a00000|100%| O|  |TAMS 0x0000000767800000| PB 0x0000000767800000| Untracked 
|  61|0x0000000767a00000, 0x0000000767c00000, 0x0000000767c00000|100%| O|  |TAMS 0x0000000767a00000| PB 0x0000000767a00000| Untracked 
|  62|0x0000000767c00000, 0x0000000767e00000, 0x0000000767e00000|100%| O|  |TAMS 0x0000000767c00000| PB 0x0000000767c00000| Untracked 
|  63|0x0000000767e00000, 0x0000000768000000, 0x0000000768000000|100%| O|  |TAMS 0x0000000767e00000| PB 0x0000000767e00000| Untracked 
|  64|0x0000000768000000, 0x0000000768000000, 0x0000000768200000|  0%| F|  |TAMS 0x0000000768000000| PB 0x0000000768000000| Untracked 
|  65|0x0000000768200000, 0x000000076829e700, 0x0000000768400000| 30%| O|  |TAMS 0x0000000768200000| PB 0x0000000768200000| Untracked 
|  66|0x0000000768400000, 0x0000000768600000, 0x0000000768600000|100%| O|  |TAMS 0x0000000768400000| PB 0x0000000768400000| Untracked 
|  67|0x0000000768600000, 0x0000000768800000, 0x0000000768800000|100%|HS|  |TAMS 0x0000000768600000| PB 0x0000000768600000| Complete 
|  68|0x0000000768800000, 0x0000000768a00000, 0x0000000768a00000|100%|HC|  |TAMS 0x0000000768800000| PB 0x0000000768800000| Complete 
|  69|0x0000000768a00000, 0x0000000768a00000, 0x0000000768c00000|  0%| F|  |TAMS 0x0000000768a00000| PB 0x0000000768a00000| Untracked 
|  70|0x0000000768c00000, 0x0000000768c39dc0, 0x0000000768e00000| 11%| S|CS|TAMS 0x0000000768c00000| PB 0x0000000768c00000| Complete 
|  71|0x0000000768e00000, 0x0000000769000000, 0x0000000769000000|100%| S|CS|TAMS 0x0000000768e00000| PB 0x0000000768e00000| Complete 
|  72|0x0000000769000000, 0x00000007691421e8, 0x0000000769200000| 62%| E|  |TAMS 0x0000000769000000| PB 0x0000000769000000| Complete 
|  73|0x0000000769200000, 0x0000000769400000, 0x0000000769400000|100%| S|CS|TAMS 0x0000000769200000| PB 0x0000000769200000| Complete 
|  74|0x0000000769400000, 0x0000000769600000, 0x0000000769600000|100%| S|CS|TAMS 0x0000000769400000| PB 0x0000000769400000| Complete 
|  75|0x0000000769600000, 0x0000000769800000, 0x0000000769800000|100%|HS|  |TAMS 0x0000000769600000| PB 0x0000000769600000| Complete 
|  76|0x0000000769800000, 0x0000000769a00000, 0x0000000769a00000|100%|HC|  |TAMS 0x0000000769800000| PB 0x0000000769800000| Complete 
|  77|0x0000000769a00000, 0x0000000769c00000, 0x0000000769c00000|100%|HC|  |TAMS 0x0000000769a00000| PB 0x0000000769a00000| Complete 
|  78|0x0000000769c00000, 0x0000000769e00000, 0x0000000769e00000|100%|HC|  |TAMS 0x0000000769c00000| PB 0x0000000769c00000| Complete 
|  79|0x0000000769e00000, 0x000000076a000000, 0x000000076a000000|100%|HC|  |TAMS 0x0000000769e00000| PB 0x0000000769e00000| Complete 
|  80|0x000000076a000000, 0x000000076a200000, 0x000000076a200000|100%|HC|  |TAMS 0x000000076a000000| PB 0x000000076a000000| Complete 
|  81|0x000000076a200000, 0x000000076a400000, 0x000000076a400000|100%|HC|  |TAMS 0x000000076a200000| PB 0x000000076a200000| Complete 
|  82|0x000000076a400000, 0x000000076a600000, 0x000000076a600000|100%|HS|  |TAMS 0x000000076a400000| PB 0x000000076a400000| Complete 
|  83|0x000000076a600000, 0x000000076a800000, 0x000000076a800000|100%|HC|  |TAMS 0x000000076a600000| PB 0x000000076a600000| Complete 
|  84|0x000000076a800000, 0x000000076aa00000, 0x000000076aa00000|100%|HS|  |TAMS 0x000000076a800000| PB 0x000000076a800000| Complete 
|  85|0x000000076aa00000, 0x000000076ac00000, 0x000000076ac00000|100%|HC|  |TAMS 0x000000076aa00000| PB 0x000000076aa00000| Complete 
|  86|0x000000076ac00000, 0x000000076ae00000, 0x000000076ae00000|100%|HC|  |TAMS 0x000000076ac00000| PB 0x000000076ac00000| Complete 
|  87|0x000000076ae00000, 0x000000076b000000, 0x000000076b000000|100%|HC|  |TAMS 0x000000076ae00000| PB 0x000000076ae00000| Complete 
|  88|0x000000076b000000, 0x000000076b200000, 0x000000076b200000|100%|HC|  |TAMS 0x000000076b000000| PB 0x000000076b000000| Complete 
|  89|0x000000076b200000, 0x000000076b400000, 0x000000076b400000|100%|HC|  |TAMS 0x000000076b200000| PB 0x000000076b200000| Complete 
|  90|0x000000076b400000, 0x000000076b600000, 0x000000076b600000|100%|HC|  |TAMS 0x000000076b400000| PB 0x000000076b400000| Complete 
|  91|0x000000076b600000, 0x000000076b800000, 0x000000076b800000|100%| E|CS|TAMS 0x000000076b600000| PB 0x000000076b600000| Complete 
|  92|0x000000076b800000, 0x000000076ba00000, 0x000000076ba00000|100%| E|  |TAMS 0x000000076b800000| PB 0x000000076b800000| Complete 
|  93|0x000000076ba00000, 0x000000076bc00000, 0x000000076bc00000|100%| E|CS|TAMS 0x000000076ba00000| PB 0x000000076ba00000| Complete 
|  94|0x000000076bc00000, 0x000000076be00000, 0x000000076be00000|100%| E|CS|TAMS 0x000000076bc00000| PB 0x000000076bc00000| Complete 
|  95|0x000000076be00000, 0x000000076c000000, 0x000000076c000000|100%| E|CS|TAMS 0x000000076be00000| PB 0x000000076be00000| Complete 
|  96|0x000000076c000000, 0x000000076c200000, 0x000000076c200000|100%| E|CS|TAMS 0x000000076c000000| PB 0x000000076c000000| Complete 
|  97|0x000000076c200000, 0x000000076c400000, 0x000000076c400000|100%| E|CS|TAMS 0x000000076c200000| PB 0x000000076c200000| Complete 
|  98|0x000000076c400000, 0x000000076c600000, 0x000000076c600000|100%| E|CS|TAMS 0x000000076c400000| PB 0x000000076c400000| Complete 
|  99|0x000000076c600000, 0x000000076c800000, 0x000000076c800000|100%| E|CS|TAMS 0x000000076c600000| PB 0x000000076c600000| Complete 
| 100|0x000000076c800000, 0x000000076ca00000, 0x000000076ca00000|100%| E|CS|TAMS 0x000000076c800000| PB 0x000000076c800000| Complete 
| 101|0x000000076ca00000, 0x000000076cc00000, 0x000000076cc00000|100%| E|CS|TAMS 0x000000076ca00000| PB 0x000000076ca00000| Complete 
| 102|0x000000076cc00000, 0x000000076ce00000, 0x000000076ce00000|100%| E|CS|TAMS 0x000000076cc00000| PB 0x000000076cc00000| Complete 
| 103|0x000000076ce00000, 0x000000076d000000, 0x000000076d000000|100%| E|CS|TAMS 0x000000076ce00000| PB 0x000000076ce00000| Complete 
| 104|0x000000076d000000, 0x000000076d200000, 0x000000076d200000|100%| E|CS|TAMS 0x000000076d000000| PB 0x000000076d000000| Complete 
| 105|0x000000076d200000, 0x000000076d400000, 0x000000076d400000|100%| E|CS|TAMS 0x000000076d200000| PB 0x000000076d200000| Complete 
| 106|0x000000076d400000, 0x000000076d600000, 0x000000076d600000|100%| E|CS|TAMS 0x000000076d400000| PB 0x000000076d400000| Complete 
| 107|0x000000076d600000, 0x000000076d800000, 0x000000076d800000|100%| E|CS|TAMS 0x000000076d600000| PB 0x000000076d600000| Complete 
| 108|0x000000076d800000, 0x000000076da00000, 0x000000076da00000|100%| E|CS|TAMS 0x000000076d800000| PB 0x000000076d800000| Complete 
| 109|0x000000076da00000, 0x000000076dc00000, 0x000000076dc00000|100%| E|CS|TAMS 0x000000076da00000| PB 0x000000076da00000| Complete 
| 110|0x000000076dc00000, 0x000000076de00000, 0x000000076de00000|100%| E|CS|TAMS 0x000000076dc00000| PB 0x000000076dc00000| Complete 
| 111|0x000000076de00000, 0x000000076e000000, 0x000000076e000000|100%| E|CS|TAMS 0x000000076de00000| PB 0x000000076de00000| Complete 
| 112|0x000000076e000000, 0x000000076e200000, 0x000000076e200000|100%| E|CS|TAMS 0x000000076e000000| PB 0x000000076e000000| Complete 
| 113|0x000000076e200000, 0x000000076e400000, 0x000000076e400000|100%| E|CS|TAMS 0x000000076e200000| PB 0x000000076e200000| Complete 
| 114|0x000000076e400000, 0x000000076e600000, 0x000000076e600000|100%| E|CS|TAMS 0x000000076e400000| PB 0x000000076e400000| Complete 
| 115|0x000000076e600000, 0x000000076e800000, 0x000000076e800000|100%| E|CS|TAMS 0x000000076e600000| PB 0x000000076e600000| Complete 
| 116|0x000000076e800000, 0x000000076ea00000, 0x000000076ea00000|100%| E|CS|TAMS 0x000000076e800000| PB 0x000000076e800000| Complete 
| 117|0x000000076ea00000, 0x000000076ec00000, 0x000000076ec00000|100%| E|CS|TAMS 0x000000076ea00000| PB 0x000000076ea00000| Complete 
| 118|0x000000076ec00000, 0x000000076ee00000, 0x000000076ee00000|100%| E|CS|TAMS 0x000000076ec00000| PB 0x000000076ec00000| Complete 
| 119|0x000000076ee00000, 0x000000076f000000, 0x000000076f000000|100%| E|CS|TAMS 0x000000076ee00000| PB 0x000000076ee00000| Complete 
| 120|0x000000076f000000, 0x000000076f200000, 0x000000076f200000|100%| E|CS|TAMS 0x000000076f000000| PB 0x000000076f000000| Complete 
| 121|0x000000076f200000, 0x000000076f400000, 0x000000076f400000|100%|HS|  |TAMS 0x000000076f200000| PB 0x000000076f200000| Complete 
| 122|0x000000076f400000, 0x000000076f600000, 0x000000076f600000|100%|HC|  |TAMS 0x000000076f400000| PB 0x000000076f400000| Complete 
| 123|0x000000076f600000, 0x000000076f800000, 0x000000076f800000|100%|HC|  |TAMS 0x000000076f600000| PB 0x000000076f600000| Complete 
| 125|0x000000076fa00000, 0x000000076fc00000, 0x000000076fc00000|100%| E|CS|TAMS 0x000000076fa00000| PB 0x000000076fa00000| Complete 
| 126|0x000000076fc00000, 0x000000076fe00000, 0x000000076fe00000|100%| E|CS|TAMS 0x000000076fc00000| PB 0x000000076fc00000| Complete 
| 127|0x000000076fe00000, 0x0000000770000000, 0x0000000770000000|100%|HS|  |TAMS 0x000000076fe00000| PB 0x000000076fe00000| Complete 
| 128|0x0000000770000000, 0x0000000770200000, 0x0000000770200000|100%|HC|  |TAMS 0x0000000770000000| PB 0x0000000770000000| Complete 
| 129|0x0000000770200000, 0x0000000770400000, 0x0000000770400000|100%|HC|  |TAMS 0x0000000770200000| PB 0x0000000770200000| Complete 
| 130|0x0000000770400000, 0x0000000770600000, 0x0000000770600000|100%|HC|  |TAMS 0x0000000770400000| PB 0x0000000770400000| Complete 
| 131|0x0000000770600000, 0x0000000770800000, 0x0000000770800000|100%|HC|  |TAMS 0x0000000770600000| PB 0x0000000770600000| Complete 
| 132|0x0000000770800000, 0x0000000770a00000, 0x0000000770a00000|100%|HC|  |TAMS 0x0000000770800000| PB 0x0000000770800000| Complete 
| 133|0x0000000770a00000, 0x0000000770c00000, 0x0000000770c00000|100%|HC|  |TAMS 0x0000000770a00000| PB 0x0000000770a00000| Complete 
| 134|0x0000000770c00000, 0x0000000770e00000, 0x0000000770e00000|100%|HC|  |TAMS 0x0000000770c00000| PB 0x0000000770c00000| Complete 
| 135|0x0000000770e00000, 0x0000000771000000, 0x0000000771000000|100%|HC|  |TAMS 0x0000000770e00000| PB 0x0000000770e00000| Complete 
| 136|0x0000000771000000, 0x0000000771200000, 0x0000000771200000|100%|HC|  |TAMS 0x0000000771000000| PB 0x0000000771000000| Complete 
| 137|0x0000000771200000, 0x0000000771400000, 0x0000000771400000|100%|HC|  |TAMS 0x0000000771200000| PB 0x0000000771200000| Complete 
| 138|0x0000000771400000, 0x0000000771600000, 0x0000000771600000|100%|HC|  |TAMS 0x0000000771400000| PB 0x0000000771400000| Complete 
| 139|0x0000000771600000, 0x0000000771800000, 0x0000000771800000|100%|HC|  |TAMS 0x0000000771600000| PB 0x0000000771600000| Complete 
| 140|0x0000000771800000, 0x0000000771a00000, 0x0000000771a00000|100%|HC|  |TAMS 0x0000000771800000| PB 0x0000000771800000| Complete 
| 141|0x0000000771a00000, 0x0000000771c00000, 0x0000000771c00000|100%|HC|  |TAMS 0x0000000771a00000| PB 0x0000000771a00000| Complete 
| 142|0x0000000771c00000, 0x0000000771e00000, 0x0000000771e00000|100%|HC|  |TAMS 0x0000000771c00000| PB 0x0000000771c00000| Complete 
| 143|0x0000000771e00000, 0x0000000772000000, 0x0000000772000000|100%|HC|  |TAMS 0x0000000771e00000| PB 0x0000000771e00000| Complete 
| 144|0x0000000772000000, 0x0000000772200000, 0x0000000772200000|100%|HC|  |TAMS 0x0000000772000000| PB 0x0000000772000000| Complete 
| 145|0x0000000772200000, 0x0000000772400000, 0x0000000772400000|100%|HC|  |TAMS 0x0000000772200000| PB 0x0000000772200000| Complete 
| 146|0x0000000772400000, 0x0000000772600000, 0x0000000772600000|100%|HC|  |TAMS 0x0000000772400000| PB 0x0000000772400000| Complete 
| 147|0x0000000772600000, 0x0000000772800000, 0x0000000772800000|100%|HC|  |TAMS 0x0000000772600000| PB 0x0000000772600000| Complete 
| 148|0x0000000772800000, 0x0000000772a00000, 0x0000000772a00000|100%|HC|  |TAMS 0x0000000772800000| PB 0x0000000772800000| Complete 
| 149|0x0000000772a00000, 0x0000000772c00000, 0x0000000772c00000|100%|HS|  |TAMS 0x0000000772a00000| PB 0x0000000772a00000| Complete 
| 150|0x0000000772c00000, 0x0000000772e00000, 0x0000000772e00000|100%|HC|  |TAMS 0x0000000772c00000| PB 0x0000000772c00000| Complete 
| 151|0x0000000772e00000, 0x0000000773000000, 0x0000000773000000|100%|HC|  |TAMS 0x0000000772e00000| PB 0x0000000772e00000| Complete 
| 152|0x0000000773000000, 0x0000000773200000, 0x0000000773200000|100%|HC|  |TAMS 0x0000000773000000| PB 0x0000000773000000| Complete 
| 153|0x0000000773200000, 0x0000000773400000, 0x0000000773400000|100%|HC|  |TAMS 0x0000000773200000| PB 0x0000000773200000| Complete 
| 154|0x0000000773400000, 0x0000000773600000, 0x0000000773600000|100%|HC|  |TAMS 0x0000000773400000| PB 0x0000000773400000| Complete 
| 155|0x0000000773600000, 0x0000000773800000, 0x0000000773800000|100%|HC|  |TAMS 0x0000000773600000| PB 0x0000000773600000| Complete 
| 156|0x0000000773800000, 0x0000000773a00000, 0x0000000773a00000|100%|HC|  |TAMS 0x0000000773800000| PB 0x0000000773800000| Complete 
| 157|0x0000000773a00000, 0x0000000773c00000, 0x0000000773c00000|100%|HC|  |TAMS 0x0000000773a00000| PB 0x0000000773a00000| Complete 
| 158|0x0000000773c00000, 0x0000000773e00000, 0x0000000773e00000|100%|HS|  |TAMS 0x0000000773c00000| PB 0x0000000773c00000| Complete 
| 159|0x0000000773e00000, 0x0000000774000000, 0x0000000774000000|100%|HC|  |TAMS 0x0000000773e00000| PB 0x0000000773e00000| Complete 
| 160|0x0000000774000000, 0x0000000774200000, 0x0000000774200000|100%|HS|  |TAMS 0x0000000774000000| PB 0x0000000774000000| Complete 
| 161|0x0000000774200000, 0x0000000774400000, 0x0000000774400000|100%|HC|  |TAMS 0x0000000774200000| PB 0x0000000774200000| Complete 
| 162|0x0000000774400000, 0x0000000774600000, 0x0000000774600000|100%|HS|  |TAMS 0x0000000774400000| PB 0x0000000774400000| Complete 
| 163|0x0000000774600000, 0x0000000774800000, 0x0000000774800000|100%|HC|  |TAMS 0x0000000774600000| PB 0x0000000774600000| Complete 
| 164|0x0000000774800000, 0x0000000774a00000, 0x0000000774a00000|100%|HC|  |TAMS 0x0000000774800000| PB 0x0000000774800000| Complete 
| 165|0x0000000774a00000, 0x0000000774c00000, 0x0000000774c00000|100%|HS|  |TAMS 0x0000000774a00000| PB 0x0000000774a00000| Complete 
| 166|0x0000000774c00000, 0x0000000774e00000, 0x0000000774e00000|100%|HC|  |TAMS 0x0000000774c00000| PB 0x0000000774c00000| Complete 
| 167|0x0000000774e00000, 0x0000000775000000, 0x0000000775000000|100%|HC|  |TAMS 0x0000000774e00000| PB 0x0000000774e00000| Complete 
| 168|0x0000000775000000, 0x0000000775200000, 0x0000000775200000|100%|HS|  |TAMS 0x0000000775000000| PB 0x0000000775000000| Complete 
| 169|0x0000000775200000, 0x0000000775400000, 0x0000000775400000|100%|HC|  |TAMS 0x0000000775200000| PB 0x0000000775200000| Complete 
| 170|0x0000000775400000, 0x0000000775600000, 0x0000000775600000|100%|HC|  |TAMS 0x0000000775400000| PB 0x0000000775400000| Complete 
| 171|0x0000000775600000, 0x0000000775800000, 0x0000000775800000|100%|HC|  |TAMS 0x0000000775600000| PB 0x0000000775600000| Complete 
| 172|0x0000000775800000, 0x0000000775a00000, 0x0000000775a00000|100%|HC|  |TAMS 0x0000000775800000| PB 0x0000000775800000| Complete 
| 173|0x0000000775a00000, 0x0000000775c00000, 0x0000000775c00000|100%|HC|  |TAMS 0x0000000775a00000| PB 0x0000000775a00000| Complete 
| 174|0x0000000775c00000, 0x0000000775e00000, 0x0000000775e00000|100%|HC|  |TAMS 0x0000000775c00000| PB 0x0000000775c00000| Complete 
| 175|0x0000000775e00000, 0x0000000776000000, 0x0000000776000000|100%|HC|  |TAMS 0x0000000775e00000| PB 0x0000000775e00000| Complete 
| 176|0x0000000776000000, 0x0000000776200000, 0x0000000776200000|100%|HC|  |TAMS 0x0000000776000000| PB 0x0000000776000000| Complete 
| 177|0x0000000776200000, 0x0000000776400000, 0x0000000776400000|100%|HC|  |TAMS 0x0000000776200000| PB 0x0000000776200000| Complete 
| 178|0x0000000776400000, 0x0000000776600000, 0x0000000776600000|100%|HC|  |TAMS 0x0000000776400000| PB 0x0000000776400000| Complete 
| 179|0x0000000776600000, 0x0000000776800000, 0x0000000776800000|100%|HC|  |TAMS 0x0000000776600000| PB 0x0000000776600000| Complete 
| 180|0x0000000776800000, 0x0000000776a00000, 0x0000000776a00000|100%|HC|  |TAMS 0x0000000776800000| PB 0x0000000776800000| Complete 
| 181|0x0000000776a00000, 0x0000000776c00000, 0x0000000776c00000|100%|HC|  |TAMS 0x0000000776a00000| PB 0x0000000776a00000| Complete 
| 182|0x0000000776c00000, 0x0000000776e00000, 0x0000000776e00000|100%|HC|  |TAMS 0x0000000776c00000| PB 0x0000000776c00000| Complete 
| 183|0x0000000776e00000, 0x0000000777000000, 0x0000000777000000|100%|HS|  |TAMS 0x0000000776e00000| PB 0x0000000776e00000| Complete 
| 184|0x0000000777000000, 0x0000000777200000, 0x0000000777200000|100%|HC|  |TAMS 0x0000000777000000| PB 0x0000000777000000| Complete 
| 185|0x0000000777200000, 0x0000000777400000, 0x0000000777400000|100%|HC|  |TAMS 0x0000000777200000| PB 0x0000000777200000| Complete 
| 186|0x0000000777400000, 0x0000000777400000, 0x0000000777600000|  0%| F|  |TAMS 0x0000000777400000| PB 0x0000000777400000| Untracked 
| 187|0x0000000777600000, 0x0000000777600000, 0x0000000777800000|  0%| F|  |TAMS 0x0000000777600000| PB 0x0000000777600000| Untracked 
| 188|0x0000000777800000, 0x0000000777800000, 0x0000000777a00000|  0%| F|  |TAMS 0x0000000777800000| PB 0x0000000777800000| Untracked 
| 189|0x0000000777a00000, 0x0000000777a00000, 0x0000000777c00000|  0%| F|  |TAMS 0x0000000777a00000| PB 0x0000000777a00000| Untracked 
|1268|0x00000007fe800000, 0x00000007fea00000, 0x00000007fea00000|100%| E|CS|TAMS 0x00000007fe800000| PB 0x00000007fe800000| Complete 
|1269|0x00000007fea00000, 0x00000007fec00000, 0x00000007fec00000|100%| E|CS|TAMS 0x00000007fea00000| PB 0x00000007fea00000| Complete 
|1270|0x00000007fec00000, 0x00000007fee00000, 0x00000007fee00000|100%| E|CS|TAMS 0x00000007fec00000| PB 0x00000007fec00000| Complete 
|1271|0x00000007fee00000, 0x00000007ff000000, 0x00000007ff000000|100%| O|  |TAMS 0x00000007fee00000| PB 0x00000007fee00000| Untracked 
|1272|0x00000007ff000000, 0x00000007ff200000, 0x00000007ff200000|100%| O|  |TAMS 0x00000007ff000000| PB 0x00000007ff000000| Untracked 
|1273|0x00000007ff200000, 0x00000007ff400000, 0x00000007ff400000|100%| O|  |TAMS 0x00000007ff200000| PB 0x00000007ff200000| Untracked 
|1274|0x00000007ff400000, 0x00000007ff600000, 0x00000007ff600000|100%| O|  |TAMS 0x00000007ff400000| PB 0x00000007ff400000| Untracked 
|1275|0x00000007ff600000, 0x00000007ff800000, 0x00000007ff800000|100%| O|  |TAMS 0x00000007ff600000| PB 0x00000007ff600000| Untracked 
|1276|0x00000007ff800000, 0x00000007ffa00000, 0x00000007ffa00000|100%| O|  |TAMS 0x00000007ff800000| PB 0x00000007ff800000| Untracked 
|1277|0x00000007ffa00000, 0x00000007ffc00000, 0x00000007ffc00000|100%| O|  |TAMS 0x00000007ffa00000| PB 0x00000007ffa00000| Untracked 
|1278|0x00000007ffc00000, 0x00000007ffe00000, 0x00000007ffe00000|100%| O|  |TAMS 0x00000007ffc00000| PB 0x00000007ffc00000| Untracked 
|1279|0x00000007ffe00000, 0x0000000800000000, 0x0000000800000000|100%| O|  |TAMS 0x00000007ffe00000| PB 0x00000007ffe00000| Untracked 

Card table byte_map: [0x0000000015590000,0x0000000015a90000] _byte_map_base: 0x0000000011a90000

Marking Bits: (CMBitMap*) 0x0000000002c3b140
 Bits: [0x0000000015a90000, 0x0000000018290000)

Polling page: 0x0000000000d80000

Metaspace:

Usage:
  Non-class:    129.34 MB used.
      Class:     21.25 MB used.
       Both:    150.60 MB used.

Virtual space:
  Non-class space:      192.00 MB reserved,     130.50 MB ( 68%) committed,  3 nodes.
      Class space:        1.00 GB reserved,      22.38 MB (  2%) committed,  1 nodes.
             Both:        1.19 GB reserved,     152.88 MB ( 13%) committed. 

Chunk freelists:
   Non-Class:  13.17 MB
       Class:  9.45 MB
        Both:  22.62 MB

MaxMetaspaceSize: unlimited
CompressedClassSpaceSize: 1.00 GB
Initial GC threshold: 21.00 MB
Current GC threshold: 250.75 MB
CDS: off
 - commit_granule_bytes: 65536.
 - commit_granule_words: 8192.
 - virtual_space_node_default_size: 8388608.
 - enlarge_chunks_in_place: 1.
 - use_allocation_guard: 0.


Internal statistics:

num_allocs_failed_limit: 12.
num_arena_births: 4592.
num_arena_deaths: 46.
num_vsnodes_births: 4.
num_vsnodes_deaths: 0.
num_space_committed: 2447.
num_space_uncommitted: 1.
num_chunks_returned_to_freelist: 89.
num_chunks_taken_from_freelist: 11017.
num_chunk_merges: 33.
num_chunk_splits: 7365.
num_chunks_enlarged: 4878.
num_inconsistent_stats: 0.

CodeHeap 'non-profiled nmethods': size=120000Kb used=12414Kb max_used=12414Kb free=107585Kb
 bounds [0x000000000d820000, 0x000000000e440000, 0x0000000014d50000]
CodeHeap 'profiled nmethods': size=120000Kb used=34186Kb max_used=34200Kb free=85813Kb
 bounds [0x0000000005d50000, 0x0000000007ee0000, 0x000000000d280000]
CodeHeap 'non-nmethods': size=5760Kb used=2803Kb max_used=2911Kb free=2956Kb
 bounds [0x000000000d280000, 0x000000000d560000, 0x000000000d820000]
CodeCache: size=245760Kb, used=49403Kb, max_used=49525Kb, free=196354Kb
 total_blobs=18652, nmethods=17586, adapters=968, full_count=0
Compilation: enabled, stopped_count=0, restarted_count=0

Compilation events (20 events):
Event: 53.428 Thread 0x000000001b5ef3e0 nmethod 21464 0x000000000e43a810 code [0x000000000e43a9a0, 0x000000000e43aa68]
Event: 53.428 Thread 0x000000001b5ef3e0 21465       1       com.android.zipflinger.ZipSource::getChannel (5 bytes)
Event: 53.428 Thread 0x000000001b5ef3e0 nmethod 21465 0x000000000e43ab10 code [0x000000000e43aca0, 0x000000000e43ad70]
Event: 53.429 Thread 0x000000001b5eddd0 nmethod 21452 0x000000000e43ae10 code [0x000000000e43afc0, 0x000000000e43b720]
Event: 53.429 Thread 0x000000001b5eddd0 21460       4       java.nio.HeapByteBuffer::put (12 bytes)
Event: 53.436 Thread 0x000000001b5ef3e0 21466       3       java.lang.invoke.MethodHandles::filterArgumentsWithCombiner (9 bytes)
Event: 53.436 Thread 0x000000001b5ef3e0 nmethod 21466 0x0000000007623310 code [0x00000000076234c0, 0x00000000076235f8]
Event: 53.438 Thread 0x000000001b5eddd0 nmethod 21460 0x000000000e43b990 code [0x000000000e43bb80, 0x000000000e43c240]
Event: 53.449 Thread 0x000000001b5eddd0 21467       4       java.util.zip.Deflater::ensureOpen (47 bytes)
Event: 53.450 Thread 0x000000001b5eddd0 nmethod 21467 0x000000000e43ca10 code [0x000000000e43cba0, 0x000000000e43cc70]
Event: 53.450 Thread 0x000000001b5eddd0 21468   !   4       java.util.zip.Deflater::deflate (420 bytes)
Event: 53.455 Thread 0x000000001b5eddd0 nmethod 21468 0x000000000e43cd10 code [0x000000000e43cec0, 0x000000000e43d4b0]
Event: 53.455 Thread 0x000000001b5eddd0 21469       4       java.util.zip.DeflaterOutputStream::deflate (36 bytes)
Event: 53.472 Thread 0x000000001b5eddd0 nmethod 21469 0x000000000e43d890 code [0x000000000e43db00, 0x000000000e43e700]
Event: 53.472 Thread 0x000000001b5eddd0 21470   !   4       java.util.zip.Deflater::needsInput (55 bytes)
Event: 53.473 Thread 0x000000001b5eddd0 nmethod 21470 0x000000000e43f090 code [0x000000000e43f220, 0x000000000e43f490]
Event: 53.479 Thread 0x000000001b5eddd0 21471       4       com.google.common.collect.AbstractIndexedListIterator::hasNext (17 bytes)
Event: 53.480 Thread 0x000000001b5eddd0 nmethod 21471 0x000000000e43f590 code [0x000000000e43f720, 0x000000000e43f7c0]
Event: 53.526 Thread 0x000000001b5ef3e0 21472       3       org.gradle.internal.configuration.inputs.NoOpInputsListener::fileOpened (1 bytes)
Event: 53.527 Thread 0x000000001b5ef3e0 nmethod 21472 0x0000000007662710 code [0x00000000076628a0, 0x00000000076629a8]

GC Heap History (20 events):
Event: 38.766 GC heap before
{Heap before GC invocations=45 (full 0):
 garbage-first heap   total 227328K, used 204621K [0x0000000760000000, 0x0000000800000000)
  region size 2048K, 34 young (69632K), 5 survivors (10240K)
 Metaspace       used 130307K, committed 132544K, reserved 1179648K
  class space    used 18174K, committed 19264K, reserved 1048576K
}
Event: 38.782 GC heap after
{Heap after GC invocations=46 (full 0):
 garbage-first heap   total 227328K, used 150728K [0x0000000760000000, 0x0000000800000000)
  region size 2048K, 5 young (10240K), 5 survivors (10240K)
 Metaspace       used 130307K, committed 132544K, reserved 1179648K
  class space    used 18174K, committed 19264K, reserved 1048576K
}
Event: 40.241 GC heap before
{Heap before GC invocations=47 (full 0):
 garbage-first heap   total 253952K, used 201928K [0x0000000760000000, 0x0000000800000000)
  region size 2048K, 31 young (63488K), 5 survivors (10240K)
 Metaspace       used 132074K, committed 134336K, reserved 1179648K
  class space    used 18451K, committed 19584K, reserved 1048576K
}
Event: 40.258 GC heap after
{Heap after GC invocations=48 (full 0):
 garbage-first heap   total 253952K, used 157106K [0x0000000760000000, 0x0000000800000000)
  region size 2048K, 4 young (8192K), 4 survivors (8192K)
 Metaspace       used 132074K, committed 134336K, reserved 1179648K
  class space    used 18451K, committed 19584K, reserved 1048576K
}
Event: 41.364 GC heap before
{Heap before GC invocations=48 (full 0):
 garbage-first heap   total 253952K, used 222642K [0x0000000760000000, 0x0000000800000000)
  region size 2048K, 37 young (75776K), 4 survivors (8192K)
 Metaspace       used 138893K, committed 141184K, reserved 1179648K
  class space    used 19532K, committed 20608K, reserved 1048576K
}
Event: 41.375 GC heap after
{Heap after GC invocations=49 (full 0):
 garbage-first heap   total 253952K, used 161193K [0x0000000760000000, 0x0000000800000000)
  region size 2048K, 3 young (6144K), 3 survivors (6144K)
 Metaspace       used 138893K, committed 141184K, reserved 1179648K
  class space    used 19532K, committed 20608K, reserved 1048576K
}
Event: 42.490 GC heap before
{Heap before GC invocations=49 (full 0):
 garbage-first heap   total 253952K, used 224681K [0x0000000760000000, 0x0000000800000000)
  region size 2048K, 35 young (71680K), 3 survivors (6144K)
 Metaspace       used 145414K, committed 147776K, reserved 1179648K
  class space    used 20653K, committed 21824K, reserved 1048576K
}
Event: 42.503 GC heap after
{Heap after GC invocations=50 (full 0):
 garbage-first heap   total 253952K, used 166411K [0x0000000760000000, 0x0000000800000000)
  region size 2048K, 5 young (10240K), 5 survivors (10240K)
 Metaspace       used 145414K, committed 147776K, reserved 1179648K
  class space    used 20653K, committed 21824K, reserved 1048576K
}
Event: 43.878 GC heap before
{Heap before GC invocations=51 (full 0):
 garbage-first heap   total 276480K, used 225803K [0x0000000760000000, 0x0000000800000000)
  region size 2048K, 36 young (73728K), 5 survivors (10240K)
 Metaspace       used 149334K, committed 151680K, reserved 1179648K
  class space    used 21281K, committed 22464K, reserved 1048576K
}
Event: 43.889 GC heap after
{Heap after GC invocations=52 (full 0):
 garbage-first heap   total 276480K, used 165312K [0x0000000760000000, 0x0000000800000000)
  region size 2048K, 4 young (8192K), 4 survivors (8192K)
 Metaspace       used 149334K, committed 151680K, reserved 1179648K
  class space    used 21281K, committed 22464K, reserved 1048576K
}
Event: 44.841 GC heap before
{Heap before GC invocations=52 (full 0):
 garbage-first heap   total 276480K, used 251328K [0x0000000760000000, 0x0000000800000000)
  region size 2048K, 46 young (94208K), 4 survivors (8192K)
 Metaspace       used 150223K, committed 152576K, reserved 1179648K
  class space    used 21323K, committed 22464K, reserved 1048576K
}
Event: 44.850 GC heap after
{Heap after GC invocations=53 (full 0):
 garbage-first heap   total 276480K, used 162672K [0x0000000760000000, 0x0000000800000000)
  region size 2048K, 4 young (8192K), 4 survivors (8192K)
 Metaspace       used 150223K, committed 152576K, reserved 1179648K
  class space    used 21323K, committed 22464K, reserved 1048576K
}
Event: 45.940 GC heap before
{Heap before GC invocations=53 (full 0):
 garbage-first heap   total 276480K, used 252784K [0x0000000760000000, 0x0000000800000000)
  region size 2048K, 49 young (100352K), 4 survivors (8192K)
 Metaspace       used 151086K, committed 153408K, reserved 1179648K
  class space    used 21444K, committed 22592K, reserved 1048576K
}
Event: 45.950 GC heap after
{Heap after GC invocations=54 (full 0):
 garbage-first heap   total 276480K, used 162987K [0x0000000760000000, 0x0000000800000000)
  region size 2048K, 4 young (8192K), 4 survivors (8192K)
 Metaspace       used 151086K, committed 153408K, reserved 1179648K
  class space    used 21444K, committed 22592K, reserved 1048576K
}
Event: 47.078 GC heap before
{Heap before GC invocations=55 (full 0):
 garbage-first heap   total 276480K, used 253099K [0x0000000760000000, 0x0000000800000000)
  region size 2048K, 51 young (104448K), 4 survivors (8192K)
 Metaspace       used 151349K, committed 153664K, reserved 1245184K
  class space    used 21450K, committed 22592K, reserved 1048576K
}
Event: 47.088 GC heap after
{Heap after GC invocations=56 (full 0):
 garbage-first heap   total 276480K, used 159660K [0x0000000760000000, 0x0000000800000000)
  region size 2048K, 4 young (8192K), 4 survivors (8192K)
 Metaspace       used 151349K, committed 153664K, reserved 1245184K
  class space    used 21450K, committed 22592K, reserved 1048576K
}
Event: 48.964 GC heap before
{Heap before GC invocations=56 (full 0):
 garbage-first heap   total 276480K, used 257964K [0x0000000760000000, 0x0000000800000000)
  region size 2048K, 53 young (108544K), 4 survivors (8192K)
 Metaspace       used 151548K, committed 153920K, reserved 1245184K
  class space    used 21450K, committed 22592K, reserved 1048576K
}
Event: 48.974 GC heap after
{Heap after GC invocations=57 (full 0):
 garbage-first heap   total 276480K, used 156214K [0x0000000760000000, 0x0000000800000000)
  region size 2048K, 2 young (4096K), 2 survivors (4096K)
 Metaspace       used 151548K, committed 153920K, reserved 1245184K
  class space    used 21450K, committed 22592K, reserved 1048576K
}
Event: 51.621 GC heap before
{Heap before GC invocations=57 (full 0):
 garbage-first heap   total 276480K, used 256566K [0x0000000760000000, 0x0000000800000000)
  region size 2048K, 52 young (106496K), 2 survivors (4096K)
 Metaspace       used 151744K, committed 154048K, reserved 1245184K
  class space    used 21454K, committed 22592K, reserved 1048576K
}
Event: 51.628 GC heap after
{Heap after GC invocations=58 (full 0):
 garbage-first heap   total 276480K, used 158561K [0x0000000760000000, 0x0000000800000000)
  region size 2048K, 4 young (8192K), 4 survivors (8192K)
 Metaspace       used 151744K, committed 154048K, reserved 1245184K
  class space    used 21454K, committed 22592K, reserved 1048576K
}

Dll operation events (3 events):
Event: 0.024 Loaded shared library D:\android studio\jbr\bin\java.dll
Event: 0.041 Loaded shared library D:\android studio\jbr\bin\zip.dll
Event: 1.187 Loaded shared library D:\android studio\jbr\bin\verify.dll

Deoptimization events (20 events):
Event: 53.200 Thread 0x0000000032f5c590 DEOPT PACKING pc=0x000000000d890540 sp=0x000000003788da50
Event: 53.200 Thread 0x0000000032f5c590 DEOPT UNPACKING pc=0x000000000d2d4422 sp=0x000000003788da18 mode 2
Event: 53.200 Thread 0x0000000032f5c590 Uncommon trap: trap_request=0xffffffbe fr.pc=0x000000000d890540 relative=0x0000000000000840
Event: 53.200 Thread 0x0000000032f5c590 Uncommon trap: reason=profile_predicate action=maybe_recompile pc=0x000000000d890540 method=java.math.BigInteger.montReduce([I[III)[I @ 56 c2
Event: 53.200 Thread 0x0000000032f5c590 DEOPT PACKING pc=0x000000000d890540 sp=0x000000003788da50
Event: 53.200 Thread 0x0000000032f5c590 DEOPT UNPACKING pc=0x000000000d2d4422 sp=0x000000003788da18 mode 2
Event: 53.200 Thread 0x0000000032f5c590 Uncommon trap: trap_request=0xffffffbe fr.pc=0x000000000d890540 relative=0x0000000000000840
Event: 53.200 Thread 0x0000000032f5c590 Uncommon trap: reason=profile_predicate action=maybe_recompile pc=0x000000000d890540 method=java.math.BigInteger.montReduce([I[III)[I @ 56 c2
Event: 53.200 Thread 0x0000000032f5c590 DEOPT PACKING pc=0x000000000d890540 sp=0x000000003788da50
Event: 53.200 Thread 0x0000000032f5c590 DEOPT UNPACKING pc=0x000000000d2d4422 sp=0x000000003788da18 mode 2
Event: 53.200 Thread 0x0000000032f5c590 Uncommon trap: trap_request=0xffffffbe fr.pc=0x000000000d890540 relative=0x0000000000000840
Event: 53.200 Thread 0x0000000032f5c590 Uncommon trap: reason=profile_predicate action=maybe_recompile pc=0x000000000d890540 method=java.math.BigInteger.montReduce([I[III)[I @ 56 c2
Event: 53.200 Thread 0x0000000032f5c590 DEOPT PACKING pc=0x000000000d890540 sp=0x000000003788da50
Event: 53.200 Thread 0x0000000032f5c590 DEOPT UNPACKING pc=0x000000000d2d4422 sp=0x000000003788da18 mode 2
Event: 53.200 Thread 0x0000000032f5c590 Uncommon trap: trap_request=0xffffff45 fr.pc=0x000000000dbde1cc relative=0x000000000000012c
Event: 53.200 Thread 0x0000000032f5c590 Uncommon trap: reason=unstable_if action=reinterpret pc=0x000000000dbde1cc method=java.math.BigInteger.addOne([IIII)I @ 55 c2
Event: 53.200 Thread 0x0000000032f5c590 DEOPT PACKING pc=0x000000000dbde1cc sp=0x000000003788d9e0
Event: 53.200 Thread 0x0000000032f5c590 DEOPT UNPACKING pc=0x000000000d2d4422 sp=0x000000003788d980 mode 2
Event: 53.225 Thread 0x0000000032f5c590 DEOPT PACKING pc=0x00000000070798cb sp=0x000000003788dc50
Event: 53.225 Thread 0x0000000032f5c590 DEOPT UNPACKING pc=0x000000000d2d4bc2 sp=0x000000003788d100 mode 0

Classes loaded (20 events):
Event: 53.225 Loading class java/security/KeyStore$Entry done
Event: 53.225 Loading class java/security/KeyStore$PrivateKeyEntry done
Event: 53.264 Loading class java/util/stream/ReferencePipeline$15
Event: 53.264 Loading class java/util/stream/ReferencePipeline$15 done
Event: 53.265 Loading class java/util/stream/ReferencePipeline$15$1
Event: 53.265 Loading class java/util/stream/ReferencePipeline$15$1 done
Event: 53.293 Loading class java/security/SignatureException
Event: 53.293 Loading class java/security/SignatureException done
Event: 53.309 Loading class java/security/cert/CertificateEncodingException
Event: 53.309 Loading class java/security/cert/CertificateEncodingException done
Event: 53.315 Loading class java/util/concurrent/ForkJoinTask$AdaptedInterruptibleCallable
Event: 53.315 Loading class java/util/concurrent/ForkJoinTask$InterruptibleTask
Event: 53.317 Loading class java/util/concurrent/ForkJoinTask$InterruptibleTask done
Event: 53.318 Loading class java/util/concurrent/ForkJoinTask$AdaptedInterruptibleCallable done
Event: 53.318 Loading class java/util/concurrent/ForkJoinTask$Aux
Event: 53.318 Loading class java/util/concurrent/ForkJoinTask$Aux done
Event: 53.318 Loading class java/util/concurrent/ForkJoinPool$DefaultForkJoinWorkerThreadFactory$1
Event: 53.318 Loading class java/util/concurrent/ForkJoinPool$DefaultForkJoinWorkerThreadFactory$1 done
Event: 53.441 Loading class java/util/concurrent/CountedCompleter
Event: 53.441 Loading class java/util/concurrent/CountedCompleter done

Classes unloaded (20 events):
Event: 46.161 Thread 0x000000001afda6f0 Unloading class 0x0000000801414c00 'java/lang/invoke/LambdaForm$DMH+0x0000000801414c00'
Event: 46.161 Thread 0x000000001afda6f0 Unloading class 0x0000000801414800 'java/lang/invoke/LambdaForm$DMH+0x0000000801414800'
Event: 46.161 Thread 0x000000001afda6f0 Unloading class 0x0000000801414000 'java/lang/invoke/LambdaForm$DMH+0x0000000801414000'
Event: 46.161 Thread 0x000000001afda6f0 Unloading class 0x00000008013a0800 'java/lang/invoke/LambdaForm$DMH+0x00000008013a0800'
Event: 46.161 Thread 0x000000001afda6f0 Unloading class 0x00000008013a0400 'java/lang/invoke/LambdaForm$DMH+0x00000008013a0400'
Event: 51.817 Thread 0x000000001afda6f0 Unloading class 0x000000080153d400 'java/lang/invoke/LambdaForm$DMH+0x000000080153d400'
Event: 51.817 Thread 0x000000001afda6f0 Unloading class 0x000000080153d000 'java/lang/invoke/LambdaForm$DMH+0x000000080153d000'
Event: 51.817 Thread 0x000000001afda6f0 Unloading class 0x000000080153cc00 'java/lang/invoke/LambdaForm$DMH+0x000000080153cc00'
Event: 51.817 Thread 0x000000001afda6f0 Unloading class 0x000000080153c800 'java/lang/invoke/LambdaForm$DMH+0x000000080153c800'
Event: 51.817 Thread 0x000000001afda6f0 Unloading class 0x000000080153c400 'java/lang/invoke/LambdaForm$DMH+0x000000080153c400'
Event: 51.817 Thread 0x000000001afda6f0 Unloading class 0x0000000801509800 'java/lang/invoke/LambdaForm$DMH+0x0000000801509800'
Event: 51.817 Thread 0x000000001afda6f0 Unloading class 0x0000000801509400 'java/lang/invoke/LambdaForm$DMH+0x0000000801509400'
Event: 51.817 Thread 0x000000001afda6f0 Unloading class 0x0000000801508c00 'java/lang/invoke/LambdaForm$DMH+0x0000000801508c00'
Event: 51.817 Thread 0x000000001afda6f0 Unloading class 0x0000000801509000 'java/lang/invoke/LambdaForm$DMH+0x0000000801509000'
Event: 51.817 Thread 0x000000001afda6f0 Unloading class 0x0000000801508800 'java/lang/invoke/LambdaForm$DMH+0x0000000801508800'
Event: 51.817 Thread 0x000000001afda6f0 Unloading class 0x0000000801508400 'java/lang/invoke/LambdaForm$DMH+0x0000000801508400'
Event: 51.817 Thread 0x000000001afda6f0 Unloading class 0x0000000801481400 'java/lang/invoke/LambdaForm$DMH+0x0000000801481400'
Event: 51.817 Thread 0x000000001afda6f0 Unloading class 0x0000000801481000 'java/lang/invoke/LambdaForm$DMH+0x0000000801481000'
Event: 51.817 Thread 0x000000001afda6f0 Unloading class 0x0000000801480c00 'java/lang/invoke/LambdaForm$DMH+0x0000000801480c00'
Event: 51.817 Thread 0x000000001afda6f0 Unloading class 0x0000000801480400 'java/lang/invoke/LambdaForm$DMH+0x0000000801480400'

Classes redefined (0 events):
No events

Internal exceptions (20 events):
Event: 53.324 Thread 0x000000002a3416d0 Exception <a 'sun/nio/fs/WindowsException'{0x000000076b928c80}> (0x000000076b928c80) 
thrown [s\src\hotspot\share\prims\jni.cpp, line 537]
Event: 53.325 Thread 0x0000000032f5c590 Exception <a 'sun/nio/fs/WindowsException'{0x000000076b97e0f8}> (0x000000076b97e0f8) 
thrown [s\src\hotspot\share\prims\jni.cpp, line 537]
Event: 53.325 Thread 0x000000002a3416d0 Exception <a 'sun/nio/fs/WindowsException'{0x000000076b92ea40}> (0x000000076b92ea40) 
thrown [s\src\hotspot\share\prims\jni.cpp, line 537]
Event: 53.326 Thread 0x000000002a3416d0 Exception <a 'sun/nio/fs/WindowsException'{0x000000076b9e7120}> (0x000000076b9e7120) 
thrown [s\src\hotspot\share\prims\jni.cpp, line 537]
Event: 53.326 Thread 0x0000000032f5c590 Exception <a 'sun/nio/fs/WindowsException'{0x000000076b984380}> (0x000000076b984380) 
thrown [s\src\hotspot\share\prims\jni.cpp, line 537]
Event: 53.329 Thread 0x000000002a3409b0 Exception <a 'sun/nio/fs/WindowsException'{0x000000076b8da4c8}> (0x000000076b8da4c8) 
thrown [s\src\hotspot\share\prims\jni.cpp, line 537]
Event: 53.332 Thread 0x000000002a3409b0 Exception <a 'sun/nio/fs/WindowsException'{0x000000076b650f30}> (0x000000076b650f30) 
thrown [s\src\hotspot\share\prims\jni.cpp, line 537]
Event: 53.333 Thread 0x000000002a3409b0 Exception <a 'sun/nio/fs/WindowsException'{0x000000076b65a898}> (0x000000076b65a898) 
thrown [s\src\hotspot\share\prims\jni.cpp, line 537]
Event: 53.356 Thread 0x0000000032f5c590 Exception <a 'sun/nio/fs/WindowsException'{0x000000076b9945f8}> (0x000000076b9945f8) 
thrown [s\src\hotspot\share\prims\jni.cpp, line 537]
Event: 53.370 Thread 0x0000000032f5c590 Exception <a 'sun/nio/fs/WindowsException'{0x000000076b6c4a78}> (0x000000076b6c4a78) 
thrown [s\src\hotspot\share\prims\jni.cpp, line 537]
Event: 53.372 Thread 0x0000000032f5c590 Exception <a 'sun/nio/fs/WindowsException'{0x000000076b6cbb18}> (0x000000076b6cbb18) 
thrown [s\src\hotspot\share\prims\jni.cpp, line 537]
Event: 53.373 Thread 0x0000000032f5c590 Exception <a 'sun/nio/fs/WindowsException'{0x000000076b6d4378}> (0x000000076b6d4378) 
thrown [s\src\hotspot\share\prims\jni.cpp, line 537]
Event: 53.376 Thread 0x0000000032f5c590 Exception <a 'sun/nio/fs/WindowsException'{0x000000076b6f1650}> (0x000000076b6f1650) 
thrown [s\src\hotspot\share\prims\jni.cpp, line 537]
Event: 53.379 Thread 0x0000000032f5c590 Exception <a 'sun/nio/fs/WindowsException'{0x000000076b70ed00}> (0x000000076b70ed00) 
thrown [s\src\hotspot\share\prims\jni.cpp, line 537]
Event: 53.380 Thread 0x0000000032f5c590 Exception <a 'sun/nio/fs/WindowsException'{0x000000076b719180}> (0x000000076b719180) 
thrown [s\src\hotspot\share\prims\jni.cpp, line 537]
Event: 53.430 Thread 0x0000000032f5c590 Exception <a 'sun/nio/fs/WindowsException'{0x000000076b76ed20}> (0x000000076b76ed20) 
thrown [s\src\hotspot\share\prims\jni.cpp, line 537]
Event: 53.431 Thread 0x0000000032f5c590 Exception <a 'sun/nio/fs/WindowsException'{0x000000076b776370}> (0x000000076b776370) 
thrown [s\src\hotspot\share\prims\jni.cpp, line 537]
Event: 53.433 Thread 0x0000000032f5c590 Exception <a 'sun/nio/fs/WindowsException'{0x000000076b77d2b8}> (0x000000076b77d2b8) 
thrown [s\src\hotspot\share\prims\jni.cpp, line 537]
Event: 53.434 Thread 0x0000000032f5c590 Exception <a 'sun/nio/fs/WindowsException'{0x000000076b7ecc60}> (0x000000076b7ecc60) 
thrown [s\src\hotspot\share\prims\jni.cpp, line 537]
Event: 53.437 Thread 0x0000000032f5c590 Exception <a 'sun/nio/fs/WindowsException'{0x000000076b7f8790}> (0x000000076b7f8790) 
thrown [s\src\hotspot\share\prims\jni.cpp, line 537]

ZGC Phase Switch (0 events):
No events

VM Operations (20 events):
Event: 50.687 Executing safepoint VM operation: Cleanup
Event: 50.688 Executing safepoint VM operation: Cleanup done
Event: 51.620 Executing safepoint VM operation: G1CollectForAllocation (G1 Evacuation Pause)
Event: 51.628 Executing safepoint VM operation: G1CollectForAllocation (G1 Evacuation Pause) done
Event: 51.816 Executing safepoint VM operation: G1PauseRemark
Event: 51.831 Executing safepoint VM operation: G1PauseRemark done
Event: 51.906 Executing safepoint VM operation: G1PauseCleanup
Event: 51.918 Executing safepoint VM operation: G1PauseCleanup done
Event: 52.151 Executing non-safepoint VM operation: HandshakeAllThreads (Deoptimize)
Event: 52.151 Executing non-safepoint VM operation: HandshakeAllThreads (Deoptimize) done
Event: 52.205 Executing non-safepoint VM operation: HandshakeAllThreads (Deoptimize)
Event: 52.205 Executing non-safepoint VM operation: HandshakeAllThreads (Deoptimize) done
Event: 52.974 Executing safepoint VM operation: ICBufferFull
Event: 52.974 Executing safepoint VM operation: ICBufferFull done
Event: 53.053 Executing non-safepoint VM operation: HandshakeAllThreads (Deoptimize)
Event: 53.053 Executing non-safepoint VM operation: HandshakeAllThreads (Deoptimize) done
Event: 53.057 Executing non-safepoint VM operation: HandshakeAllThreads (Deoptimize)
Event: 53.057 Executing non-safepoint VM operation: HandshakeAllThreads (Deoptimize) done
Event: 53.191 Executing non-safepoint VM operation: HandshakeAllThreads (Deoptimize)
Event: 53.192 Executing non-safepoint VM operation: HandshakeAllThreads (Deoptimize) done

Memory protections (0 events):
No events

Nmethod flushes (20 events):
Event: 51.830 Thread 0x000000001afda6f0 flushing  nmethod 0x000000000766e790
Event: 51.830 Thread 0x000000001afda6f0 flushing  nmethod 0x000000000766ed90
Event: 51.830 Thread 0x000000001afda6f0 flushing  nmethod 0x000000000766f090
Event: 51.830 Thread 0x000000001afda6f0 flushing  nmethod 0x000000000766f610
Event: 51.830 Thread 0x000000001afda6f0 flushing  nmethod 0x0000000007671c90
Event: 51.830 Thread 0x000000001afda6f0 flushing  nmethod 0x0000000007675290
Event: 51.830 Thread 0x000000001afda6f0 flushing  nmethod 0x0000000007676390
Event: 51.830 Thread 0x000000001afda6f0 flushing  nmethod 0x00000000076c5b90
Event: 51.830 Thread 0x000000001afda6f0 flushing  nmethod 0x00000000076c6c90
Event: 51.830 Thread 0x000000001afda6f0 flushing  nmethod 0x00000000076c8910
Event: 51.830 Thread 0x000000001afda6f0 flushing  nmethod 0x00000000076cbd10
Event: 51.830 Thread 0x000000001afda6f0 flushing  nmethod 0x00000000076cc090
Event: 51.830 Thread 0x000000001afda6f0 flushing  nmethod 0x00000000076cdb10
Event: 51.830 Thread 0x000000001afda6f0 flushing  nmethod 0x00000000076f2310
Event: 51.830 Thread 0x000000001afda6f0 flushing  nmethod 0x000000000787f910
Event: 51.830 Thread 0x000000001afda6f0 flushing  nmethod 0x0000000007919790
Event: 51.830 Thread 0x000000001afda6f0 flushing  nmethod 0x00000000079b1c10
Event: 51.830 Thread 0x000000001afda6f0 flushing  nmethod 0x00000000079b1f90
Event: 51.830 Thread 0x000000001afda6f0 flushing  nmethod 0x00000000079b4290
Event: 51.830 Thread 0x000000001afda6f0 flushing  nmethod 0x0000000007b85110

Events (20 events):
Event: 40.079 Thread 0x0000000025ea9af0 Thread added: 0x0000000032f5d940
Event: 40.082 Thread 0x0000000025ea9af0 Thread added: 0x0000000032f5c590
Event: 40.084 Thread 0x0000000025ea9af0 Thread added: 0x0000000032f5bf00
Event: 40.458 Thread 0x000000001b5ef3e0 Thread added: 0x00000000281aa4d0
Event: 40.658 Thread 0x00000000281aa4d0 Thread exited: 0x00000000281aa4d0
Event: 40.965 Thread 0x000000001b5ef3e0 Thread added: 0x00000000281a7bf0
Event: 41.557 Thread 0x000000001b5ef3e0 Thread added: 0x00000000281aaba0
Event: 42.264 Thread 0x00000000281aaba0 Thread exited: 0x00000000281aaba0
Event: 42.536 Thread 0x000000001b5ef3e0 Thread added: 0x00000000281aaba0
Event: 52.460 Thread 0x00000000281aaba0 Thread exited: 0x00000000281aaba0
Event: 53.164 Thread 0x000000001b5eddd0 Thread added: 0x00000000393f1bc0
Event: 53.319 Thread 0x0000000032f5c590 Thread added: 0x000000002a33dbc0
Event: 53.319 Thread 0x000000002a33dbc0 Thread added: 0x000000002a3409b0
Event: 53.319 Thread 0x00000000393f1bc0 Thread exited: 0x00000000393f1bc0
Event: 53.319 Thread 0x000000002a3409b0 Thread added: 0x000000002a33fc90
Event: 53.320 Thread 0x000000002a33fc90 Thread added: 0x000000002a33d530
Event: 53.320 Thread 0x000000002a33d530 Thread added: 0x000000002a341040
Event: 53.320 Thread 0x000000002a341040 Thread added: 0x000000002a3416d0
Event: 53.320 Thread 0x000000002a3416d0 Thread added: 0x000000002a267720
Event: 53.381 Thread 0x00000000281a7bf0 Thread exited: 0x00000000281a7bf0


Dynamic libraries:
0x00007ff74dae0000 - 0x00007ff74daea000 	D:\android studio\jbr\bin\java.exe
0x00007fff13d40000 - 0x00007fff13fa8000 	C:\Windows\SYSTEM32\ntdll.dll
0x00007fff12820000 - 0x00007fff128e9000 	C:\Windows\System32\KERNEL32.DLL
0x00007fff10980000 - 0x00007fff10d71000 	C:\Windows\System32\KERNELBASE.dll
0x00007fff10620000 - 0x00007fff1076b000 	C:\Windows\System32\ucrtbase.dll
0x00007ffefc920000 - 0x00007ffefc93b000 	D:\android studio\jbr\bin\VCRUNTIME140.dll
0x00007ffeeff10000 - 0x00007ffeeff28000 	D:\android studio\jbr\bin\jli.dll
0x00007fff13940000 - 0x00007fff13b06000 	C:\Windows\System32\USER32.dll
0x00007fff10770000 - 0x00007fff10797000 	C:\Windows\System32\win32u.dll
0x00007fff13910000 - 0x00007fff1393b000 	C:\Windows\System32\GDI32.dll
0x00007fff107a0000 - 0x00007fff108cb000 	C:\Windows\System32\gdi32full.dll
0x00007fff11970000 - 0x00007fff11a13000 	C:\Windows\System32\msvcp_win.dll
0x00007ffef9110000 - 0x00007ffef93a3000 	C:\Windows\WinSxS\amd64_microsoft.windows.common-controls_6595b64144ccf1df_6.0.26100.7824_none_3e0870b2e3345462\COMCTL32.dll
0x00007fff130d0000 - 0x00007fff13179000 	C:\Windows\System32\msvcrt.dll
0x00007fff134f0000 - 0x00007fff13521000 	C:\Windows\System32\IMM32.DLL
0x00007fff060e0000 - 0x00007fff060ec000 	D:\android studio\jbr\bin\vcruntime140_1.dll
0x00007ffeef5a0000 - 0x00007ffeef62d000 	D:\android studio\jbr\bin\msvcp140.dll
0x00007ffe38cc0000 - 0x00007ffe39956000 	D:\android studio\jbr\bin\server\jvm.dll
0x00007fff13b10000 - 0x00007fff13bc4000 	C:\Windows\System32\ADVAPI32.dll
0x00007fff13530000 - 0x00007fff135d6000 	C:\Windows\System32\sechost.dll
0x00007fff13be0000 - 0x00007fff13cf8000 	C:\Windows\System32\RPCRT4.dll
0x00007fff12580000 - 0x00007fff125f4000 	C:\Windows\System32\WS2_32.dll
0x00007fff10480000 - 0x00007fff104de000 	C:\Windows\SYSTEM32\POWRPROF.dll
0x00007fff06060000 - 0x00007fff06095000 	C:\Windows\SYSTEM32\WINMM.dll
0x00007fff08a70000 - 0x00007fff08a7b000 	C:\Windows\SYSTEM32\VERSION.dll
0x00007fff10460000 - 0x00007fff10474000 	C:\Windows\SYSTEM32\UMPDC.dll
0x00007fff0f380000 - 0x00007fff0f39b000 	C:\Windows\SYSTEM32\kernel.appcore.dll
0x00007fff026e0000 - 0x00007fff026ea000 	D:\android studio\jbr\bin\jimage.dll
0x00007fff0e260000 - 0x00007fff0e4a2000 	C:\Windows\SYSTEM32\DBGHELP.DLL
0x00007fff11fd0000 - 0x00007fff12356000 	C:\Windows\System32\combase.dll
0x00007fff12600000 - 0x00007fff126d7000 	C:\Windows\System32\OLEAUT32.dll
0x00007ffef5be0000 - 0x00007ffef5c1b000 	C:\Windows\SYSTEM32\dbgcore.DLL
0x00007fff108d0000 - 0x00007fff10975000 	C:\Windows\System32\bcryptPrimitives.dll
0x00007fff060f0000 - 0x00007fff060fe000 	D:\android studio\jbr\bin\instrument.dll
0x00007ffef0c60000 - 0x00007ffef0c80000 	D:\android studio\jbr\bin\java.dll
0x00007ffef0b50000 - 0x00007ffef0b68000 	D:\android studio\jbr\bin\zip.dll
0x00007fff12970000 - 0x00007fff130c2000 	C:\Windows\System32\SHELL32.dll
0x00007fff10f90000 - 0x00007fff110fa000 	C:\Windows\System32\wintypes.dll
0x00007fff11100000 - 0x00007fff11963000 	C:\Windows\System32\windows.storage.dll
0x00007fff13810000 - 0x00007fff13906000 	C:\Windows\System32\SHCORE.dll
0x00007fff13460000 - 0x00007fff134c7000 	C:\Windows\System32\shlwapi.dll
0x00007fff10540000 - 0x00007fff10569000 	C:\Windows\SYSTEM32\profapi.dll
0x00007ffefa950000 - 0x00007ffefa960000 	D:\android studio\jbr\bin\net.dll
0x00007fff08780000 - 0x00007fff088a7000 	C:\Windows\SYSTEM32\WINHTTP.dll
0x00007fff0f8d0000 - 0x00007fff0f93b000 	C:\Windows\system32\mswsock.dll
0x00007ffef0800000 - 0x00007ffef0816000 	D:\android studio\jbr\bin\nio.dll
0x00007ffef07c0000 - 0x00007ffef07d0000 	D:\android studio\jbr\bin\verify.dll
0x00007ffef0c00000 - 0x00007ffef0c27000 	C:\Users\lws19\.gradle\native\c067742578af261105cb4f569cf0c3c89f3d7b1fecec35dd04571415982c5e48\windows-amd64\native-platform.dll
0x00007ffe5a2c0000 - 0x00007ffe5a404000 	C:\Users\lws19\.gradle\native\100fb08df4bc3b14c8652ba06237920a3bd2aa13389f12d3474272988ae205f9\windows-amd64\native-platform-file-events.dll
0x00007fff0ba90000 - 0x00007fff0ba99000 	D:\android studio\jbr\bin\management.dll
0x00007ffef0aa0000 - 0x00007ffef0aab000 	D:\android studio\jbr\bin\management_ext.dll
0x00007fff133b0000 - 0x00007fff133b8000 	C:\Windows\System32\PSAPI.DLL
0x00007fff0fcc0000 - 0x00007fff0fcdb000 	C:\Windows\SYSTEM32\CRYPTSP.dll
0x00007fff0f2e0000 - 0x00007fff0f319000 	C:\Windows\system32\rsaenh.dll
0x00007fff0f980000 - 0x00007fff0f9ab000 	C:\Windows\SYSTEM32\USERENV.dll
0x00007fff10510000 - 0x00007fff1053a000 	C:\Windows\SYSTEM32\bcrypt.dll
0x00007fff0fb20000 - 0x00007fff0fb2c000 	C:\Windows\SYSTEM32\CRYPTBASE.dll
0x00007fff0edd0000 - 0x00007fff0ee04000 	C:\Windows\SYSTEM32\IPHLPAPI.DLL
0x00007fff13bd0000 - 0x00007fff13bda000 	C:\Windows\System32\NSI.dll
0x00007fff0baa0000 - 0x00007fff0baa9000 	D:\android studio\jbr\bin\extnet.dll
0x00007ffee1870000 - 0x00007ffee1878000 	C:\Windows\system32\wshunix.dll
0x00007ffee1bf0000 - 0x00007ffee1c08000 	C:\Windows\system32\napinsp.dll
0x00007fff0ee70000 - 0x00007fff0ef9c000 	C:\Windows\SYSTEM32\DNSAPI.dll
0x00007ffee1b70000 - 0x00007ffee1b82000 	C:\Windows\System32\winrnr.dll
0x00007ffee1b40000 - 0x00007ffee1b62000 	C:\Windows\system32\nlansp_c.dll
0x00007fff082c0000 - 0x00007fff082d6000 	C:\Windows\system32\wshbth.dll
0x000000006ce00000 - 0x000000006ce26000 	C:\Program Files\Bonjour\mdnsNSP.dll
0x00007fff090d0000 - 0x00007fff090db000 	C:\Windows\System32\rasadhlp.dll
0x00007fff07f30000 - 0x00007fff07fb6000 	C:\Windows\System32\fwpuclnt.dll

JVMTI agents:
C:\Users\lws19\.gradle\wrapper\dists\gradle-8.10.2-bin\e0thjr3we83usdufs66z371ne\gradle-8.10.2\lib\agents\gradle-instrumentation-agent-8.10.2.jar path:D:\android studio\jbr\bin\instrument.dll, loaded, initialized, instrumentlib options:none

dbghelp: loaded successfully - version: 4.0.5 - missing functions: none
symbol engine: initialized successfully - sym options: 0x614 - pdb path: .;D:\android studio\jbr\bin;C:\Windows\SYSTEM32;C:\Windows\WinSxS\amd64_microsoft.windows.common-controls_6595b64144ccf1df_6.0.26100.7824_none_3e0870b2e3345462;D:\android studio\jbr\bin\server;C:\Users\lws19\.gradle\native\c067742578af261105cb4f569cf0c3c89f3d7b1fecec35dd04571415982c5e48\windows-amd64;C:\Users\lws19\.gradle\native\100fb08df4bc3b14c8652ba06237920a3bd2aa13389f12d3474272988ae205f9\windows-amd64;C:\Program Files\Bonjour

VM Arguments:
jvm_args: --add-opens=java.base/java.util=ALL-UNNAMED --add-opens=java.base/java.lang=ALL-UNNAMED --add-opens=java.base/java.lang.invoke=ALL-UNNAMED --add-opens=java.prefs/java.util.prefs=ALL-UNNAMED --add-exports=jdk.compiler/com.sun.tools.javac.api=ALL-UNNAMED --add-exports=jdk.compiler/com.sun.tools.javac.util=ALL-UNNAMED --add-opens=java.base/java.nio.charset=ALL-UNNAMED --add-opens=java.base/java.net=ALL-UNNAMED --add-opens=java.base/java.util.concurrent.atomic=ALL-UNNAMED -Xmx2560m -Dfile.encoding=UTF-8 -Duser.country=CN -Duser.language=zh -Duser.variant -javaagent:C:\Users\lws19\.gradle\wrapper\dists\gradle-8.10.2-bin\e0thjr3we83usdufs66z371ne\gradle-8.10.2\lib\agents\gradle-instrumentation-agent-8.10.2.jar 
java_command: org.gradle.launcher.daemon.bootstrap.GradleDaemon 8.10.2
java_class_path (initial): C:\Users\lws19\.gradle\wrapper\dists\gradle-8.10.2-bin\e0thjr3we83usdufs66z371ne\gradle-8.10.2\lib\gradle-daemon-main-8.10.2.jar
Launcher Type: SUN_STANDARD

[Global flags]
     intx CICompilerCount                          = 4                                         {product} {ergonomic}
     uint ConcGCThreads                            = 2                                         {product} {ergonomic}
     uint G1ConcRefinementThreads                  = 8                                         {product} {ergonomic}
   size_t G1HeapRegionSize                         = 2097152                                   {product} {ergonomic}
    uintx GCDrainStackTargetSize                   = 64                                        {product} {ergonomic}
   size_t InitialHeapSize                          = 266338304                                 {product} {ergonomic}
   size_t MarkStackSize                            = 4194304                                   {product} {ergonomic}
   size_t MaxHeapSize                              = 2684354560                                {product} {command line}
   size_t MaxNewSize                               = 1610612736                                {product} {ergonomic}
   size_t MinHeapDeltaBytes                        = 2097152                                   {product} {ergonomic}
   size_t MinHeapSize                              = 8388608                                   {product} {ergonomic}
    uintx NonNMethodCodeHeapSize                   = 5839372                                {pd product} {ergonomic}
    uintx NonProfiledCodeHeapSize                  = 122909434                              {pd product} {ergonomic}
    uintx ProfiledCodeHeapSize                     = 122909434                              {pd product} {ergonomic}
    uintx ReservedCodeCacheSize                    = 251658240                              {pd product} {ergonomic}
     bool SegmentedCodeCache                       = true                                      {product} {ergonomic}
   size_t SoftMaxHeapSize                          = 2684354560                             {manageable} {ergonomic}
     bool UseCompressedOops                        = true                           {product lp64_product} {ergonomic}
     bool UseG1GC                                  = true                                      {product} {ergonomic}
     bool UseLargePagesIndividualAllocation        = false                                  {pd product} {ergonomic}

Logging:
Log output configuration:
 #0: stdout all=warning uptime,level,tags foldmultilines=false
 #1: stderr all=off uptime,level,tags foldmultilines=false

Release file:
JAVA_VERSION="21.0.10" 
MODULES="java.base java.compiler java.datatransfer java.xml java.prefs java.desktop java.instrument java.logging java.management java.security.sasl java.naming java.rmi java.management.rmi java.net.http java.scripting java.security.jgss java.transaction.xa java.sql java.sql.rowset java.xml.crypto java.se java.smartcardio jdk.accessibility jdk.internal.jvmstat jdk.attach jdk.charsets jdk.internal.opt jdk.zipfs jdk.compiler jdk.crypto.ec jdk.crypto.cryptoki jdk.dynalink jdk.hotspot.agent jdk.httpserver jdk.internal.ed jdk.internal.le jdk.internal.vm.ci jdk.jartool jdk.javadoc jdk.jcmd jdk.jdeps jdk.jdwp.agent jdk.jdi jdk.jfr jdk.jlink jdk.jsobject jdk.localedata jdk.management jdk.management.agent jdk.management.jfr jdk.naming.dns jdk.naming.rmi jdk.net jdk.sctp jdk.security.auth jdk.security.jgss jdk.unsupported jdk.unsupported.desktop jdk.xml.dom" 
IMPLEMENTOR="JetBrains s.r.o." 
JAVA_RUNTIME_VERSION="21.0.10+-14961533-b1163.108" 
LIBC="default" 
OS_ARCH="x86_64" 
OS_NAME="Windows" 
SOURCE=".:git:1351622c2ff2" 

Environment Variables:
JAVA_HOME=E:\languages\jdk21
PATH=C:\Program Files\Common Files\Oracle\Java\javapath;C:\Program Files\NVIDIA GPU Computing Toolkit\CUDA\v11.6\bin;C:\Program Files\NVIDIA GPU Computing Toolkit\CUDA\v11.6\libnvvp;D:\vmware\bin\;C:\ProgramData\Oracle\Java\javapath;C:\Windows\system32;C:\Windows;C:\Windows\System32\Wbem;C:\Windows\System32\WindowsPowerShell\v1.0\;C:\Windows\System32\OpenSSH\;E:\languages\apache-maven-3.9.12\bin;C:\Program Files\MySQL\MySQL Server 8.0\bin;E:\apps\微信web开发者工具\dll;%NVM_H;ME%;E:\plugins\nodejs;C:\Program Files\NVIDIA GPU Computing Toolkit\CUDA\v11.6\bin;C:\Program Files\Git\cmd;C:\Program Files (x86)\NVIDIA Corporation\PhysX\Common;C:\Program Files\NVIDIA Corporation\NVIDIA NvDLISR;C:\Program Files\NVIDIA Corporation\Nsight Compute 2022.1.0\;C:\Program Files\Docker\Docker\resources\bin;E:\languages\jdk21\bin;C:\Program Files (x86)\cloudflared\;D:\mysql\bin;C:\Program Files\dotnet\;C:\Program Files (x86)\Windows Kits\10\Windows Performance Toolkit\;D:\SCOOP\apps\python\current\Scripts;D:\SCOOP\apps\python\current;D:\SCOOP\apps\python37\current\Scripts;D:\SCOOP\apps\python37\current;D:\SCOOP\shims;d:\Trae\bin;C:\Users\lws19\AppData\Local\Microsoft\WindowsApps;E:\apps\Microsoft VS Code\bin;E:\apps\IntelliJ IDEA 2025.1.1.1\bin;E:\apps\DataGrip 2024.1.1\bin;C:\Users\lws19\AppData\Local\Programs\Ollama;E:\plugins\nvm;E:\plugins\nodejs;C:\Users\lws19\AppData\Local\Python\bin;D:\Project Graph;D:\Espanso;D:\cpolar\;C:\Users\lws19\AppData\Local\GitHubDesktop\bin;C:\Users\lws19\AppData\Local\Microsoft\WinGet\Links;;C:\home\lws\.npm-global;C:\Users\lws19\.npm-global;C:\Users\lws19\.dotnet\tools
USERNAME=lws
OS=Windows_NT
PROCESSOR_IDENTIFIER=Intel64 Family 6 Model 165 Stepping 2, GenuineIntel
TMP=C:\Users\lws19\AppData\Local\Temp
TEMP=C:\Users\lws19\AppData\Local\Temp




Periodic native trim disabled

JNI global refs:
JNI global refs: 29, weak refs: 0

JNI global refs memory usage: 835, weak refs: 833

Process memory usage:
Resident Set Size: 896080K (5% of 16596340K total physical memory with 437636K free physical memory)

OOME stack traces (most recent first):
Classloader memory used:
Loader org.gradle.internal.classloader.VisitableURLClassLoader$InstrumentingVisitableURLClassLoader: 55026K
Loader org.gradle.internal.classloader.VisitableURLClassLoader                         : 45171K
Loader bootstrap                                                                       : 31205K
Loader org.gradle.initialization.MixInLegacyTypesClassLoader                           : 13746K
Loader jdk.internal.loader.ClassLoaders$AppClassLoader                                 : 7299K
Loader jdk.internal.loader.ClassLoaders$PlatformClassLoader                            : 756K
Loader jdk.internal.reflect.DelegatingClassLoader                                      : 531K
Loader org.gradle.internal.classloader.VisitableURLClassLoader                         : 308K
Loader org.gradle.groovy.scripts.internal.DefaultScriptCompilationHandler$ScriptClassLoader: 137K
Loader org.codehaus.groovy.runtime.callsite.CallSiteClassLoader                        : 27504B

Classes loaded by more than one classloader:
Class Program                                                                         : loaded 5 times (x 72B)
Class Build_gradle                                                                    : loaded 3 times (x 130B)
Class Build_gradle$1                                                                  : loaded 3 times (x 75B)
Class org.gradle.internal.classloader.FilteringClassLoader                            : loaded 2 times (x 105B)
Class [Lcom.google.common.base.AbstractIterator$State;                                : loaded 2 times (x 69B)
Class com.google.common.base.CharMatcher$IsEither                                     : loaded 2 times (x 111B)
Class org.gradle.internal.classloader.ClassLoaderHierarchy                            : loaded 2 times (x 70B)
Class com.google.common.collect.ImmutableEnumSet                                      : loaded 2 times (x 146B)
Class com.google.common.util.concurrent.ExecutionError                                : loaded 2 times (x 82B)
Class com.google.common.collect.ImmutableList$1                                       : loaded 2 times (x 97B)
Class org.gradle.api.internal.classpath.ManifestUtil                                  : loaded 2 times (x 71B)
Class com.google.common.io.ByteArrayDataOutput                                        : loaded 2 times (x 70B)
Class com.google.common.collect.RegularImmutableMap                                   : loaded 2 times (x 121B)
Class com.google.common.collect.ImmutableMap$MapViewOfValuesAsSingletonSets           : loaded 2 times (x 125B)
Class [Lorg.objectweb.asm.Symbol;                                                     : loaded 2 times (x 69B)
Class org.objectweb.asm.ClassVisitor                                                  : loaded 2 times (x 88B)
Class com.google.common.collect.UnmodifiableListIterator                              : loaded 2 times (x 95B)
Class org.objectweb.asm.MethodTooLargeException                                       : loaded 2 times (x 83B)
Class [Lcom.google.common.cache.CacheBuilder$OneWeigher;                              : loaded 2 times (x 69B)
Class com.google.common.base.Suppliers                                                : loaded 2 times (x 71B)
Class com.google.common.base.Platform$JdkPatternCompiler                              : loaded 2 times (x 75B)
Class org.gradle.internal.classloader.DefaultClassLoaderFactory                       : loaded 2 times (x 82B)
Class [Lcom.google.common.collect.AbstractIterator$State;                             : loaded 2 times (x 69B)
Class com.google.common.base.CharMatcher$None                                         : loaded 2 times (x 112B)
Class org.gradle.internal.classloader.ClassLoaderVisitor                              : loaded 2 times (x 76B)
Class [Lcom.google.common.collect.ImmutableMapEntry;                                  : loaded 2 times (x 69B)
Class org.gradle.api.internal.classpath.EffectiveClassPath                            : loaded 2 times (x 90B)
Class com.google.common.collect.AbstractIterator$1                                    : loaded 2 times (x 71B)
Class com.google.common.collect.ImmutableRangeSet                                     : loaded 2 times (x 115B)
Class com.google.common.collect.ImmutableEnumMap                                      : loaded 2 times (x 125B)
Class com.google.common.collect.ListMultimap                                          : loaded 2 times (x 70B)
Class com.google.common.collect.Sets$1                                                : loaded 2 times (x 139B)
Class org.objectweb.asm.AnnotationVisitor                                             : loaded 2 times (x 78B)
Class com.google.common.base.Splitter                                                 : loaded 2 times (x 72B)
Class org.gradle.api.internal.DefaultClassPathProvider                                : loaded 2 times (x 76B)
Class [Lcom.google.common.base.Function;                                              : loaded 2 times (x 69B)
Class com.google.common.collect.Maps$ViewCachingAbstractMap                           : loaded 2 times (x 125B)
Class com.google.common.collect.Sets$2                                                : loaded 2 times (x 139B)
Class [Lorg.gradle.api.internal.ClassPathProvider;                                    : loaded 2 times (x 69B)
Class org.gradle.api.internal.ClassPathProvider                                       : loaded 2 times (x 70B)
Class [Lorg.objectweb.asm.AnnotationVisitor;                                          : loaded 2 times (x 69B)
Class com.google.common.collect.Sets$3                                                : loaded 2 times (x 139B)
Class com.google.common.util.concurrent.AbstractFuture$SafeAtomicHelper               : loaded 2 times (x 79B)
Class com.google.common.cache.LocalCache$LocalLoadingCache                            : loaded 2 times (x 134B)
Class com.google.common.base.AbstractIterator$State                                   : loaded 2 times (x 79B)
Class org.gradle.internal.service.UnknownServiceException                             : loaded 2 times (x 83B)
Class com.google.common.io.ByteArrayDataInput                                         : loaded 2 times (x 70B)
Class com.google.common.collect.Sets$4                                                : loaded 2 times (x 139B)
Class org.objectweb.asm.ModuleVisitor                                                 : loaded 2 times (x 81B)
Class com.google.common.cache.LocalCache$Strength$1                                   : loaded 2 times (x 81B)
Class com.google.common.collect.Collections2$FilteredCollection                       : loaded 2 times (x 119B)
Class com.google.common.util.concurrent.SettableFuture                                : loaded 2 times (x 114B)
Class com.google.common.cache.LocalCache$Strength$2                                   : loaded 2 times (x 81B)
Class [Lcom.google.common.collect.Maps$EntryFunction;                                 : loaded 2 times (x 69B)
Class com.google.common.collect.TransformedIterator                                   : loaded 2 times (x 80B)
Class com.google.common.io.ByteStreams                                                : loaded 2 times (x 71B)
Class com.google.common.cache.LocalCache$Strength$3                                   : loaded 2 times (x 81B)
Class com.google.common.collect.MapDifference                                         : loaded 2 times (x 70B)
Class com.google.common.base.Splitter$1                                               : loaded 2 times (x 77B)
Class org.objectweb.asm.FieldWriter                                                   : loaded 2 times (x 78B)
Class com.google.common.cache.CacheBuilder$NullListener                               : loaded 2 times (x 82B)
Class org.gradle.internal.classpath.TransformedClassPath                              : loaded 2 times (x 96B)
Class org.gradle.internal.classloader.InstrumentingClassLoader                        : loaded 2 times (x 70B)
Class com.google.common.collect.Maps$IteratorBasedAbstractMap$1                       : loaded 2 times (x 138B)
Class com.google.common.collect.ImmutableRangeSet$AsSet                               : loaded 2 times (x 299B)
Class com.google.common.cache.CacheLoader$FunctionToCacheLoader                       : loaded 2 times (x 75B)
Class com.google.common.collect.Iterators$ArrayItr                                    : loaded 2 times (x 97B)
Class com.google.common.collect.ImmutableCollection$Builder                           : loaded 2 times (x 76B)
Class com.google.common.base.Joiner                                                   : loaded 2 times (x 79B)
Class com.google.common.base.MoreObjects                                              : loaded 2 times (x 71B)
Class ijJvmDebugger1_7f845qkibuunhtwyn7qn55sre$_run_closure1$_closure2                : loaded 2 times (x 140B)
Class [Lorg.objectweb.asm.Type;                                                       : loaded 2 times (x 69B)
Class com.google.common.collect.Platform                                              : loaded 2 times (x 71B)
Class com.google.common.collect.UnmodifiableIterator                                  : loaded 2 times (x 80B)
Class org.gradle.internal.service.ServiceLocator                                      : loaded 2 times (x 70B)
Class com.google.common.collect.HashBiMap$BiEntry                                     : loaded 2 times (x 83B)
Class com.google.common.base.Ascii                                                    : loaded 2 times (x 71B)
Class com.google.common.collect.SingletonImmutableBiMap                               : loaded 2 times (x 143B)
Class com.google.common.cache.LocalCache$1                                            : loaded 2 times (x 89B)
Class com.google.common.collect.AbstractMapEntry                                      : loaded 2 times (x 81B)
Class com.google.common.collect.Sets$ImprovedAbstractSet                              : loaded 2 times (x 135B)
Class com.google.common.collect.ImmutableList$Builder                                 : loaded 2 times (x 77B)
Class com.google.common.cache.LocalCache$2                                            : loaded 2 times (x 142B)
Class com.google.common.collect.AbstractMultimap                                      : loaded 2 times (x 123B)
Class com.google.common.collect.ImmutableRangeSet$1                                   : loaded 2 times (x 209B)
Class com.google.common.util.concurrent.AbstractFuture$UnsafeAtomicHelper$1           : loaded 2 times (x 76B)
Class com.google.common.collect.RegularImmutableAsList                                : loaded 2 times (x 216B)
Class com.google.common.base.Optional                                                 : loaded 2 times (x 80B)
Class com.google.common.collect.Range                                                 : loaded 2 times (x 87B)
Class com.google.common.util.concurrent.AbstractFuture$Trusted                        : loaded 2 times (x 70B)
Class com.google.common.collect.Iterators                                             : loaded 2 times (x 71B)
Class com.google.common.base.CharMatcher$RangesMatcher                                : loaded 2 times (x 112B)
Class com.google.common.util.concurrent.UncheckedExecutionException                   : loaded 2 times (x 82B)
Class com.google.common.collect.Lists$StringAsImmutableList                           : loaded 2 times (x 207B)
Class org.gradle.kotlin.dsl.VersionCatalogAccessorsKt                                 : loaded 2 times (x 71B)
Class com.google.common.collect.ImmutableSortedSetFauxverideShim                      : loaded 2 times (x 147B)
Class com.google.common.base.CharMatcher$JavaLetterOrDigit                            : loaded 2 times (x 111B)
Class org.gradle.internal.InternalTransformer                                         : loaded 2 times (x 70B)
Class com.google.common.collect.AbstractMapBasedMultimap$KeySet$1                     : loaded 2 times (x 82B)
Class org.objectweb.asm.ClassWriter                                                   : loaded 2 times (x 106B)
Class com.google.common.cache.CacheLoader$UnsupportedLoadingOperationException        : loaded 2 times (x 82B)
Class com.google.common.base.CharMatcher$And                                          : loaded 2 times (x 112B)
Class ijKotlinCoroutineJvmDebugInit1_dxbqzmxfv5jwgbag6pa3dfop6$_run_closure1          : loaded 2 times (x 139B)
Class org.gradle.internal.classloader.ClasspathUtil$1                                 : loaded 2 times (x 76B)
Class com.google.common.collect.FluentIterable$1                                      : loaded 2 times (x 81B)
Class com.google.common.base.Objects                                                  : loaded 2 times (x 71B)
Class org.objectweb.asm.FieldVisitor                                                  : loaded 2 times (x 77B)
Class com.google.common.collect.IndexedImmutableSet                                   : loaded 2 times (x 150B)
Class com.google.common.collect.ImmutableMap$1                                        : loaded 2 times (x 81B)
Class com.google.common.collect.BiMap                                                 : loaded 2 times (x 70B)
Class org.gradle.api.internal.classpath.DefaultModuleRegistry$DefaultModule           : loaded 2 times (x 86B)
Class com.google.common.collect.FluentIterable$2                                      : loaded 2 times (x 81B)
Class com.google.common.base.Absent                                                   : loaded 2 times (x 80B)
Class com.google.common.primitives.Ints                                               : loaded 2 times (x 71B)
Class com.google.common.collect.AbstractIterator                                      : loaded 2 times (x 82B)
Class com.google.common.collect.FluentIterable$3                                      : loaded 2 times (x 81B)
Class com.google.common.collect.RegularImmutableMap$KeySet                            : loaded 2 times (x 150B)
Class com.google.common.collect.Multiset                                              : loaded 2 times (x 70B)
Class com.google.common.collect.ArrayListMultimapGwtSerializationDependencies         : loaded 2 times (x 172B)
Class com.google.common.collect.ObjectArrays                                          : loaded 2 times (x 71B)
Class com.google.common.collect.AbstractIndexedListIterator                           : loaded 2 times (x 96B)
Class com.google.common.collect.ImmutableMapEntrySet                                  : loaded 2 times (x 151B)
Class org.gradle.api.internal.classpath.Module                                        : loaded 2 times (x 70B)
Class com.google.common.cache.Weigher                                                 : loaded 2 times (x 70B)
Class org.gradle.api.internal.classpath.UnknownModuleException                        : loaded 2 times (x 82B)
Class com.google.common.base.Stopwatch                                                : loaded 2 times (x 72B)
Class com.google.common.cache.LocalCache$Strength                                     : loaded 2 times (x 81B)
Class com.google.common.cache.Cache                                                   : loaded 2 times (x 70B)
Class com.google.common.util.concurrent.AbstractFuture$Cancellation                   : loaded 2 times (x 72B)
Class com.google.common.collect.ImmutableMap$Builder                                  : loaded 2 times (x 82B)
Class com.google.common.base.NullnessCasts                                            : loaded 2 times (x 71B)
Class com.google.common.collect.Maps$EntryFunction$1                                  : loaded 2 times (x 91B)
Class com.google.common.base.Present                                                  : loaded 2 times (x 81B)
Class com.google.common.cache.RemovalListener                                         : loaded 2 times (x 70B)
Class org.gradle.api.internal.DefaultClassPathRegistry                                : loaded 2 times (x 76B)
Class com.google.common.collect.Maps$EntryFunction$2                                  : loaded 2 times (x 91B)
Class com.google.common.primitives.IntsMethodsForWeb                                  : loaded 2 times (x 71B)
Class com.google.common.collect.Multimap                                              : loaded 2 times (x 70B)
Class org.gradle.api.internal.ClassPathRegistry                                       : loaded 2 times (x 70B)
Class org.gradle.internal.classpath.DefaultClassPath$ImmutableUniqueList              : loaded 2 times (x 199B)
Class com.google.common.collect.NullnessCasts                                         : loaded 2 times (x 71B)
Class com.google.common.base.ExtraObjectsMethodsForWeb                                : loaded 2 times (x 71B)
Class com.google.common.base.Equivalence$Identity                                     : loaded 2 times (x 82B)
Class com.google.common.cache.CacheBuilder                                            : loaded 2 times (x 72B)
Class com.google.common.collect.SingletonImmutableList                                : loaded 2 times (x 207B)
Class Settings_gradle$1                                                               : loaded 2 times (x 75B)
Class org.gradle.internal.classpath.ClassPath                                         : loaded 2 times (x 70B)
Class org.gradle.api.UncheckedIOException                                             : loaded 2 times (x 82B)
Class com.google.common.collect.ImmutableList$ReverseImmutableList                    : loaded 2 times (x 208B)
Class com.google.common.base.JdkPattern                                               : loaded 2 times (x 75B)
Class org.objectweb.asm.SymbolTable$Entry                                             : loaded 2 times (x 74B)
Class com.google.common.util.concurrent.AbstractFuture$AtomicHelper                   : loaded 2 times (x 78B)
Class org.objectweb.asm.Edge                                                          : loaded 2 times (x 72B)
Class com.google.common.base.Suppliers$SupplierOfInstance                             : loaded 2 times (x 79B)
Class com.google.common.collect.Iterators$1                                           : loaded 2 times (x 81B)
Class com.google.common.cache.LocalCache$ComputingValueReference                      : loaded 2 times (x 96B)
Class com.google.common.collect.SingletonImmutableSet                                 : loaded 2 times (x 146B)
Class com.google.common.collect.ImmutableMap$IteratorBasedImmutableMap                : loaded 2 times (x 125B)
Class ijKotlinCoroutineJvmDebugInit1_dxbqzmxfv5jwgbag6pa3dfop6                        : loaded 2 times (x 179B)
Class com.google.common.cache.LocalCache$Segment                                      : loaded 2 times (x 154B)
Class com.google.common.collect.SortedIterable                                        : loaded 2 times (x 70B)
Class [Lorg.objectweb.asm.SymbolTable$Entry;                                          : loaded 2 times (x 69B)
Class com.google.common.cache.CacheLoader                                             : loaded 2 times (x 74B)
Class com.google.common.collect.Iterators$4                                           : loaded 2 times (x 82B)
Class com.google.common.collect.ImmutableBiMap                                        : loaded 2 times (x 143B)
Class com.google.common.collect.AbstractListMultimap                                  : loaded 2 times (x 172B)
Class org.gradle.internal.installation.GradleInstallation$1                           : loaded 2 times (x 75B)
Class org.gradle.api.internal.classpath.ModuleRegistry                                : loaded 2 times (x 70B)
Class com.google.common.util.concurrent.internal.InternalFutureFailureAccess          : loaded 2 times (x 72B)
Class com.google.common.collect.Iterators$5                                           : loaded 2 times (x 82B)
Class com.google.common.collect.ImmutableSet$JdkBackedSetBuilderImpl                  : loaded 2 times (x 76B)
Class com.google.common.base.Splitter$SplittingIterator                               : loaded 2 times (x 84B)
Class com.google.common.collect.Iterators$6                                           : loaded 2 times (x 81B)
Class com.google.common.io.Closer$SuppressingSuppressor                               : loaded 2 times (x 75B)
Class com.google.common.collect.HashBiMap$Inverse                                     : loaded 2 times (x 142B)
Class com.google.common.util.concurrent.AbstractFuture$UnsafeAtomicHelper             : loaded 2 times (x 78B)
Class com.google.common.cache.LocalCache$LocalManualCache$1                           : loaded 2 times (x 75B)
Class com.google.common.base.CharMatcher$ForPredicate                                 : loaded 2 times (x 112B)
Class com.google.common.collect.ImmutableCollection                                   : loaded 2 times (x 125B)
Class com.google.common.base.CharMatcher$AnyOf                                        : loaded 2 times (x 112B)
Class org.gradle.api.internal.classpath.DefaultModuleRegistry                         : loaded 2 times (x 86B)
Class com.google.common.util.concurrent.ListenableFuture                              : loaded 2 times (x 70B)
Class com.google.common.cache.ReferenceEntry                                          : loaded 2 times (x 70B)
Class com.google.common.collect.ImmutableSet$CachingAsList                            : loaded 2 times (x 147B)
Class com.google.common.base.Converter                                                : loaded 2 times (x 90B)
Class com.google.common.collect.Lists                                                 : loaded 2 times (x 71B)
Class com.google.common.base.CharMatcher$Any                                          : loaded 2 times (x 112B)
Class ijJvmDebugger1_7f845qkibuunhtwyn7qn55sre                                        : loaded 2 times (x 179B)
Class com.google.common.util.concurrent.AbstractFuture                                : loaded 2 times (x 106B)
Class com.google.common.base.FunctionalEquivalence                                    : loaded 2 times (x 83B)
Class com.google.common.collect.Iterators$9                                           : loaded 2 times (x 81B)
Class com.google.common.collect.AbstractMapBasedMultimap                              : loaded 2 times (x 139B)
Class com.google.common.collect.ImmutableAsList                                       : loaded 2 times (x 209B)
Class org.objectweb.asm.RecordComponentVisitor                                        : loaded 2 times (x 77B)
Class com.google.common.cache.CacheLoader$SupplierToCacheLoader                       : loaded 2 times (x 75B)
Class com.google.common.collect.Maps$EntryTransformer                                 : loaded 2 times (x 70B)
Class org.gradle.internal.service.ServiceLookupException                              : loaded 2 times (x 82B)
Class com.google.common.collect.Lists$ReverseList                                     : loaded 2 times (x 200B)
Class com.google.common.collect.ImmutableSortedSet                                    : loaded 2 times (x 299B)
Class [Lcom.google.common.cache.LocalCache$EntryFactory;                              : loaded 2 times (x 69B)
Class com.google.common.base.CharMatcher$JavaLetter                                   : loaded 2 times (x 111B)
Class org.gradle.internal.classloader.ClassLoaderFactory                              : loaded 2 times (x 70B)
Class com.google.common.cache.LocalCache$LocalManualCache                             : loaded 2 times (x 99B)
Class com.google.common.base.CharMatcher$IsNot                                        : loaded 2 times (x 111B)
Class com.google.common.base.CommonPattern                                            : loaded 2 times (x 74B)
Class org.gradle.internal.service.CachingServiceLocator                               : loaded 2 times (x 82B)
Class com.google.common.collect.AbstractMapBasedMultimap$KeySet                       : loaded 2 times (x 137B)
Class com.google.common.collect.RegularImmutableSortedSet                             : loaded 2 times (x 299B)
Class com.google.common.math.IntMath                                                  : loaded 2 times (x 71B)
Class [Lcom.google.common.collect.HashBiMap$BiEntry;                                  : loaded 2 times (x 69B)
Class com.google.common.collect.Iterators$10                                          : loaded 2 times (x 81B)
Class com.google.common.collect.ImmutableMapEntry                                     : loaded 2 times (x 85B)
Class com.google.common.base.CharMatcher$JavaDigit                                    : loaded 2 times (x 111B)
Class com.google.common.base.Predicates                                               : loaded 2 times (x 71B)
Class com.google.common.base.Equivalence                                              : loaded 2 times (x 82B)
Class com.google.common.collect.ImmutableMapEntry$NonTerminalImmutableMapEntry        : loaded 2 times (x 85B)
Class com.google.common.base.Function                                                 : loaded 2 times (x 70B)
Class com.google.common.collect.IndexedImmutableSet$1                                 : loaded 2 times (x 212B)
Class com.google.common.cache.CacheBuilder$OneWeigher                                 : loaded 2 times (x 82B)
Class com.google.common.collect.RegularImmutableList                                  : loaded 2 times (x 212B)
Class com.google.common.collect.Maps$EntryFunction                                    : loaded 2 times (x 91B)
Class com.google.common.collect.ImmutableBiMapFauxverideShim                          : loaded 2 times (x 120B)
Class org.gradle.internal.classloader.ClasspathUtil                                   : loaded 2 times (x 71B)
Class com.google.common.base.Charsets                                                 : loaded 2 times (x 71B)
Class com.google.common.util.concurrent.Uninterruptibles                              : loaded 2 times (x 71B)
Class com.google.common.collect.Maps                                                  : loaded 2 times (x 71B)
Class com.google.common.base.CharMatcher$JavaUpperCase                                : loaded 2 times (x 111B)
Class org.gradle.api.specs.Spec                                                       : loaded 2 times (x 70B)
Class [Lcom.google.common.collect.ImmutableEntry;                                     : loaded 2 times (x 69B)
Class com.google.common.collect.Sets$3$1                                              : loaded 2 times (x 82B)
Class com.google.common.cache.LocalCache$LoadingValueReference                        : loaded 2 times (x 96B)
Class com.google.common.math.MathPreconditions                                        : loaded 2 times (x 71B)
Class com.google.common.base.Platform                                                 : loaded 2 times (x 71B)
Class [Lorg.objectweb.asm.AnnotationWriter;                                           : loaded 2 times (x 69B)
Class com.google.common.primitives.Ints$IntConverter                                  : loaded 2 times (x 90B)
Class com.google.common.collect.Maps$8                                                : loaded 2 times (x 82B)
Class com.google.common.base.Predicates$CompositionPredicate                          : loaded 2 times (x 88B)
Class com.google.common.collect.Lists$ReverseList$1                                   : loaded 2 times (x 99B)
Class com.google.common.collect.ImmutableRangeSet$Builder                             : loaded 2 times (x 77B)
Class com.google.common.collect.Sets$SetView                                          : loaded 2 times (x 138B)
Class com.google.common.cache.LocalCache$StrongValueReference                         : loaded 2 times (x 90B)
Class com.google.common.util.concurrent.AbstractFuture$SynchronizedHelper             : loaded 2 times (x 78B)
Class com.google.common.base.CharMatcher$Invisible                                    : loaded 2 times (x 112B)
Class org.objectweb.asm.Type                                                          : loaded 2 times (x 72B)
Class org.gradle.internal.classloader.VisitableURLClassLoader$InstrumentingVisitableURLClassLoader: loaded 2 times (x 123B)
Class org.objectweb.asm.ByteVector                                                    : loaded 2 times (x 79B)
Class [Lcom.google.common.cache.CacheBuilder$NullListener;                            : loaded 2 times (x 69B)
Class com.google.common.math.IntMath$1                                                : loaded 2 times (x 71B)
Class org.gradle.internal.classloader.VisitableURLClassLoader$Spec                    : loaded 2 times (x 74B)
Class org.gradle.internal.classpath.DefaultClassPath                                  : loaded 2 times (x 90B)
Class org.objectweb.asm.Symbol                                                        : loaded 2 times (x 73B)
Class com.google.common.base.AbstractIterator                                         : loaded 2 times (x 80B)
Class com.google.common.collect.Sets$FilteredSet                                      : loaded 2 times (x 137B)
Class com.google.common.io.Closer                                                     : loaded 2 times (x 78B)
Class com.google.common.collect.RegularImmutableMap$Values                            : loaded 2 times (x 207B)
Class com.google.common.collect.ImmutableSet                                          : loaded 2 times (x 145B)
Class com.google.common.base.CharMatcher$BitSetMatcher                                : loaded 2 times (x 112B)
Class com.google.common.base.CharMatcher$Ascii                                        : loaded 2 times (x 112B)
Class ijJvmDebugger1_7f845qkibuunhtwyn7qn55sre$_run_closure1                          : loaded 2 times (x 139B)
Class org.gradle.internal.classloader.ClassLoaderSpec                                 : loaded 2 times (x 71B)
Class org.objectweb.asm.AnnotationWriter                                              : loaded 2 times (x 79B)
Class com.google.common.cache.CacheStats                                              : loaded 2 times (x 71B)
Class com.google.common.io.Closer$Suppressor                                          : loaded 2 times (x 70B)
Class org.objectweb.asm.RecordComponentWriter                                         : loaded 2 times (x 78B)
Class com.google.common.util.concurrent.AbstractFuture$Listener                       : loaded 2 times (x 72B)
Class com.google.common.base.CharMatcher$Or                                           : loaded 2 times (x 112B)
Class Settings_gradle$1$1                                                             : loaded 2 times (x 75B)
Class org.objectweb.asm.Attribute                                                     : loaded 2 times (x 77B)
Class com.google.common.base.Supplier                                                 : loaded 2 times (x 70B)
Class org.gradle.internal.classloader.VisitableURLClassLoader                         : loaded 2 times (x 117B)
Class com.google.common.collect.ImmutableList$SerializedForm                          : loaded 2 times (x 73B)
Class com.google.common.util.concurrent.AbstractFuture$Waiter                         : loaded 2 times (x 72B)
Class Settings_gradle                                                                 : loaded 2 times (x 128B)
Class ijKotlinCoroutineJvmDebugInit1_dxbqzmxfv5jwgbag6pa3dfop6$_run_closure1$_closure2: loaded 2 times (x 139B)
Class org.gradle.internal.Cast                                                        : loaded 2 times (x 71B)
Class org.gradle.api.Action                                                           : loaded 2 times (x 70B)
Class com.google.common.collect.HashBiMap                                             : loaded 2 times (x 143B)
Class com.google.common.collect.Sets                                                  : loaded 2 times (x 71B)
Class org.objectweb.asm.Handler                                                       : loaded 2 times (x 72B)
Class com.google.common.base.Ticker                                                   : loaded 2 times (x 72B)
Class com.google.common.base.Strings                                                  : loaded 2 times (x 71B)
Class com.google.common.base.CharMatcher$FastMatcher                                  : loaded 2 times (x 111B)
Class [Lcom.google.common.cache.LocalCache$Segment;                                   : loaded 2 times (x 69B)
Class [Lcom.google.common.cache.LocalCache$Strength;                                  : loaded 2 times (x 69B)
Class com.google.common.cache.CacheBuilder$1                                          : loaded 2 times (x 85B)
Class com.google.common.collect.ImmutableMap                                          : loaded 2 times (x 120B)
Class com.google.common.base.Predicate                                                : loaded 2 times (x 70B)
Class org.gradle.internal.classpath.DefaultClassPath$ImmutableUniqueList$Builder      : loaded 2 times (x 75B)
Class com.google.common.collect.AbstractRangeSet                                      : loaded 2 times (x 114B)
Class com.google.common.cache.LocalCache                                              : loaded 2 times (x 187B)
Class com.google.common.cache.CacheBuilder$2                                          : loaded 2 times (x 72B)
Class com.google.common.base.CharMatcher$NegatedFastMatcher                           : loaded 2 times (x 113B)
Class [Lcom.google.common.collect.AbstractMapEntry;                                   : loaded 2 times (x 69B)
Class com.google.common.collect.ImmutableEntry                                        : loaded 2 times (x 82B)
Class com.google.common.collect.ArrayListMultimap                                     : loaded 2 times (x 172B)
Class com.google.common.base.AbstractIterator$1                                       : loaded 2 times (x 71B)
Class com.google.common.base.CharMatcher$Digit                                        : loaded 2 times (x 112B)
Class org.gradle.api.GradleException                                                  : loaded 2 times (x 82B)
Class com.google.common.base.Suppliers$MemoizingSupplier                              : loaded 2 times (x 79B)
Class com.google.common.collect.CollectPreconditions                                  : loaded 2 times (x 71B)
Class com.google.common.base.CharMatcher$JavaIsoControl                               : loaded 2 times (x 112B)
Class com.google.common.collect.Maps$AbstractFilteredMap                              : loaded 2 times (x 127B)
Class com.google.common.collect.SortedMapDifference                                   : loaded 2 times (x 70B)
Class com.google.common.base.CharMatcher$JavaLowerCase                                : loaded 2 times (x 111B)
Class com.google.common.cache.LocalCache$EntryFactory                                 : loaded 2 times (x 83B)
Class com.google.common.collect.Iterables$5                                           : loaded 2 times (x 81B)
Class com.google.common.cache.LocalCache$AbstractReferenceEntry                       : loaded 2 times (x 107B)
Class com.google.common.base.Splitter$1$1                                             : loaded 2 times (x 86B)
Class com.google.common.base.CharMatcher$Whitespace                                   : loaded 2 times (x 112B)
Class org.gradle.internal.IoActions                                                   : loaded 2 times (x 71B)
Class com.google.common.collect.ImmutableRangeSet$ComplementRanges                    : loaded 2 times (x 207B)
Class org.objectweb.asm.SymbolTable                                                   : loaded 2 times (x 72B)
Class com.google.common.cache.CacheLoader$InvalidCacheLoadException                   : loaded 2 times (x 82B)
Class com.google.common.collect.ImmutableSet$RegularSetBuilderImpl                    : loaded 2 times (x 77B)
Class com.google.common.base.CharMatcher$SingleWidth                                  : loaded 2 times (x 112B)
Class org.gradle.internal.classloader.SystemClassLoaderSpec                           : loaded 2 times (x 71B)
Class com.google.common.collect.FluentIterable                                        : loaded 2 times (x 81B)
Class com.google.common.cache.LocalCache$StrongEntry                                  : loaded 2 times (x 108B)
Class com.google.common.util.concurrent.AbstractFuture$TrustedFuture                  : loaded 2 times (x 114B)
Class com.google.common.cache.LoadingCache                                            : loaded 2 times (x 70B)
Class com.google.common.io.ByteStreams$LimitedInputStream                             : loaded 2 times (x 92B)
Class com.google.common.base.Suppliers$NonSerializableMemoizingSupplier               : loaded 2 times (x 79B)
Class org.objectweb.asm.MethodWriter                                                  : loaded 2 times (x 106B)
Class [Lcom.google.common.cache.Weigher;                                              : loaded 2 times (x 69B)
Class com.google.common.collect.RegularImmutableMap$BucketOverflowException           : loaded 2 times (x 82B)
Class com.google.common.collect.AbstractIterator$State                                : loaded 2 times (x 79B)
Class com.google.common.collect.RegularImmutableBiMap                                 : loaded 2 times (x 148B)
Class com.google.common.cache.LocalCache$ValueReference                               : loaded 2 times (x 70B)
Class com.google.common.base.CharMatcher$Negated                                      : loaded 2 times (x 113B)
Class com.google.common.base.CharMatcher$Is                                           : loaded 2 times (x 111B)
Class com.google.common.hash.PrimitiveSink                                            : loaded 2 times (x 70B)
Class com.google.common.util.concurrent.AbstractFuture$Failure                        : loaded 2 times (x 72B)
Class com.google.common.base.Equivalence$Equals                                       : loaded 2 times (x 82B)
Class com.google.common.collect.Hashing                                               : loaded 2 times (x 71B)
Class com.google.common.base.PatternCompiler                                          : loaded 2 times (x 70B)
Class com.google.common.base.Preconditions                                            : loaded 2 times (x 71B)
Class com.google.common.base.Joiner$1                                                 : loaded 2 times (x 80B)
Class org.objectweb.asm.Label                                                         : loaded 2 times (x 73B)
Class org.objectweb.asm.CurrentFrame                                                  : loaded 2 times (x 73B)
Class org.objectweb.asm.ClassTooLargeException                                        : loaded 2 times (x 83B)
Class com.google.common.collect.PeekingIterator                                       : loaded 2 times (x 70B)
Class com.google.common.base.CharMatcher                                              : loaded 2 times (x 111B)
Class com.google.common.collect.Maps$IteratorBasedAbstractMap                         : loaded 2 times (x 125B)
Class com.google.common.collect.RangeGwtSerializationDependencies                     : loaded 2 times (x 71B)
Class com.google.common.base.Joiner$2                                                 : loaded 2 times (x 79B)
Class org.objectweb.asm.Frame                                                         : loaded 2 times (x 73B)
Class org.objectweb.asm.MethodVisitor                                                 : loaded 2 times (x 105B)
Class com.google.common.cache.LocalCache$EntryFactory$1                               : loaded 2 times (x 83B)
Class [Lcom.google.common.cache.RemovalListener;                                      : loaded 2 times (x 69B)
Class com.google.common.base.CharMatcher$1                                            : loaded 2 times (x 113B)
Class com.google.common.base.CharMatcher$NamedFastMatcher                             : loaded 2 times (x 112B)
Class com.google.common.collect.RangeSet                                              : loaded 2 times (x 70B)
Class com.google.common.cache.LocalCache$EntryFactory$2                               : loaded 2 times (x 83B)
Class org.gradle.api.internal.classpath.GlobalCacheRootsProvider                      : loaded 2 times (x 70B)
Class com.google.common.collect.CollectCollectors                                     : loaded 2 times (x 71B)
Class org.objectweb.asm.ModuleWriter                                                  : loaded 2 times (x 82B)
Class com.google.common.cache.LocalCache$EntryFactory$3                               : loaded 2 times (x 83B)
Class com.google.common.base.Ticker$1                                                 : loaded 2 times (x 72B)
Class com.google.common.collect.ImmutableMapEntrySet$RegularEntrySet                  : loaded 2 times (x 151B)
Class com.google.common.collect.Maps$BiMapConverter                                   : loaded 2 times (x 90B)
Class com.google.common.cache.LocalCache$EntryFactory$4                               : loaded 2 times (x 83B)
Class com.google.common.collect.ImmutableSet$Builder                                  : loaded 2 times (x 85B)
Class com.google.common.base.CharMatcher$InRange                                      : loaded 2 times (x 111B)
Class Settings_gradle$1$1$1                                                           : loaded 2 times (x 75B)
Class com.google.common.io.ByteStreams$1                                              : loaded 2 times (x 85B)
Class com.google.common.cache.LocalCache$EntryFactory$5                               : loaded 2 times (x 83B)
Class com.google.common.base.PairwiseEquivalence                                      : loaded 2 times (x 83B)
Class com.google.common.cache.LocalCache$EntryFactory$6                               : loaded 2 times (x 83B)
Class org.gradle.internal.installation.CurrentGradleInstallationLocator               : loaded 2 times (x 71B)
Class com.google.common.collect.Maps$KeySet                                           : loaded 2 times (x 137B)
Class com.google.common.cache.LocalCache$EntryFactory$7                               : loaded 2 times (x 83B)
Class com.google.common.collect.ImmutableSet$EmptySetBuilderImpl                      : loaded 2 times (x 76B)
Class com.google.common.collect.ImmutableList                                         : loaded 2 times (x 206B)
Class org.gradle.internal.service.DefaultServiceLocator                               : loaded 2 times (x 83B)
Class com.google.common.collect.Maps$EntrySet                                         : loaded 2 times (x 136B)
Class com.google.common.cache.LocalCache$EntryFactory$8                               : loaded 2 times (x 83B)
Class com.google.common.collect.ImmutableSet$SetBuilderImpl                           : loaded 2 times (x 76B)
Class org.gradle.internal.installation.CurrentGradleInstallation                      : loaded 2 times (x 73B)
Class com.google.common.cache.CacheLoader$1                                           : loaded 2 times (x 75B)
Class com.google.common.collect.ForwardingObject                                      : loaded 2 times (x 72B)
Class com.google.common.collect.ImmutableList$SubList                                 : loaded 2 times (x 208B)
Class org.gradle.util.internal.GUtil                                                  : loaded 2 times (x 71B)
Class com.google.common.util.concurrent.AbstractFuture$SetFuture                      : loaded 2 times (x 75B)
Class com.google.common.cache.AbstractCache$StatsCounter                              : loaded 2 times (x 70B)
Class com.google.common.collect.Iterators$MergingIterator                             : loaded 2 times (x 81B)
Class com.google.common.collect.RegularImmutableSet                                   : loaded 2 times (x 148B)
Class org.gradle.internal.installation.GradleInstallation                             : loaded 2 times (x 75B)
Class com.google.common.collect.Iterables                                             : loaded 2 times (x 71B)
Class com.google.common.base.Splitter$Strategy                                        : loaded 2 times (x 70B)
Class com.google.common.collect.Lists$RandomAccessReverseList                         : loaded 2 times (x 200B)

---------------  S Y S T E M  ---------------

OS:
 Windows 11 , 64 bit Build 26100 (10.0.26100.7705)
OS uptime: 5 days 4:54 hours
Hyper-V role detected

CPU: total 8 (initial active 8) (4 cores per cpu, 2 threads per core) family 6 model 165 stepping 2 microcode 0xe0, cx8, cmov, fxsr, ht, mmx, 3dnowpref, sse, sse2, sse3, ssse3, sse4.1, sse4.2, popcnt, lzcnt, tsc, tscinvbit, avx, avx2, aes, erms, clmul, bmi1, bmi2, adx, fma, vzeroupper, clflush, clflushopt, hv, rdtscp, f16c
Processor Information for the first 8 processors :
  Max Mhz: 2496, Current Mhz: 2496, Mhz Limit: 2496

Memory: 4k page, system-wide physical 16207M (427M free)
TotalPageFile size 41392M (AvailPageFile size 11M)
current process WorkingSet (physical memory assigned to process): 875M, peak: 878M
current process commit charge ("private bytes"): 925M, peak: 955M

vm_info: OpenJDK 64-Bit Server VM (21.0.10+-14961533-b1163.108) for windows-amd64 JRE (21.0.10+-14961533-b1163.108), built on 2026-03-02T19:58:50Z by "builder" with MS VC++ 16.10 / 16.11 (VS2019)

END.
